Date;Nuclear;Lignite;Coal;Gas;Other Fossil;Hydro;Wind;Solar;Biomass;Other Renewables;Total CO2 Emissions;CO2 Intensity;Missing Data;Missing Data Line
10/06 00:00 UTC;0;7150.6186;1011.493;3386.0589;1978.5816999999997;9.0341;504.1916;0.1932;199.3767;3.9771;14243.5249;413.2583;0;0
10/06 01:00 UTC;0;7228.3537;1017.1191;3518.9379;1865.5872;8.9132;471.24;0.1917;197.6853;3.7783;14311.8064;423.1193;0;0
10/06 02:00 UTC;0;7928.3499;1214.4928;4218.0975;1931.3532;9.0849;438.3542;0.778;201.3779;3.712;15945.6004;451.914;0;0
10/06 03:00 UTC;0;8512.1274;1435.4533;4575.3834;1961.9058;10.4216;401.2976;37.9901;208.8961;3.712;17147.187299999998;466.4083;0;0
10/06 04:00 UTC;0;9042.971;1708.447;5544.2004;2065.568;22.856599999999997;332.6014;225.9793;226.004;3.712;19172.339699999997;438.7706;0;0
10/06 05:00 UTC;0;9294.2054;1994.1329;5798.7452;1963.5908;33.6647;242.498;641.1311;236.4525;3.712;20208.132600000004;394.396;0;0
10/06 06:00 UTC;0;9361.4338;2242.4401;5753.6248;2074.6613;28.0076;200.35610000000003;1234.4612;233.7712;3.712;21132.4681;365.085;0;0
10/06 07:00 UTC;0;8760.0107;2218.5771;5163.1536;2074.7241;16.558999999999997;205.6638;1848.4419;222.8212;3.712;20513.6634;327.7087;0;0
10/06 08:00 UTC;0;7770.4687;2122.2004;3972.1758;1953.0758;14.286699999999998;215.7096;2254.1046;212.8746;3.712;18518.6082;285.5587;0;0
10/06 09:00 UTC;0;6918.2701;1850.7032;2798.303;1888.2747;12.0582;277.40070000000003;2409.665;206.8165;3.712;16365.2034;252.4605;0;0
10/06 10:00 UTC;0;5947.6307;1397.0343;2312.4513;1823.5570999999998;11.130600000000001;299.6972;2410.5187;202.613;3.712;14408.3449;229.2458;0;0
10/06 11:00 UTC;0;6611.877;1299.9253;2158.4664;1836.0343999999998;9.7583;343.8693;2344.0984;201.5338;3.712;14809.2749;235.4784;0;0
10/06 12:00 UTC;0;6347.683;1250.8235;2105.235;1861.6380000000001;10.884599999999999;393.9889;2136.1484;200.5141;3.712;14310.627500000002;234.7544;0;0
10/06 13:00 UTC;0;6326.1996;1371.1496;2085.096;1862.9216000000001;11.2007;424.1574;1866.4887;202.2987;3.712;14153.2243;244.5777;0;0
10/06 14:00 UTC;0;6814.3935;1656.6628;2148.2947;1925.3768999999998;10.2293;465.5662;1543.3768;209.2575;3.712;14776.8697;269.3125;0;0
10/06 15:00 UTC;0;7929.6181;1957.1266;2597.4906;2030.8295;12.173;533.3224;1121.7607;217.7687;3.712;16403.8016;308.6045;0;0
10/06 16:00 UTC;0;8331.6115;2261.4536;3374.8157;1978.8482999999999;18.709799999999998;629.2452000000001;681.0491;230.3706;3.712;17509.8158;330.4964;0;0
10/06 17:00 UTC;0;8305.5589;2258.9907;3852.9193;1959.8869;26.2332;687.4293;306.2976;238.0888;3.712;17639.1167;341.1141;0;0
10/06 18:00 UTC;0;8278.4051;2559.6837;4122.8889;2025.1935999999998;28.209;736.5275;81.3608;239.7924;0;18072.060999999998;355.2687;0;0
10/06 19:00 UTC;0;7958.0957;3088.2577;3940.6129;1993.8861;22.448;800.9249;4.5948;236.0138;0;18044.8339;362.352;0;0
10/06 20:00 UTC;0;7636.6267;3402.0176;3739.4296;1925.2617;16.1025;828.1074;0.2108;227.8464;0;17775.6027;367.5381;0;0
10/06 21:00 UTC;0;6831.9362;3422.8555;3361.2169;1977.6940000000002;10.8795;889.8203;0.2352;218.3453;0;16712.9829;354.5558;0;0
10/06 22:00 UTC;0;5311.4839;2912.543;2724.3857;2020.6289000000002;8.9745;946.774;0.224;207.7793;3.712;14136.5053;314.3072;0;0
10/06 23:00 UTC;0;5565.2657;2559.336;2372.6414;1984.7441999999999;8.9294;970.2733000000001;0.2287;202.5656;3.712;13667.6963;305.8286;0;0
11/06 00:00 UTC;0;5631.6208;2528.8508;2342.8919;1975.1891;10.108099999999999;998.0194;0.2007;200.7589;3.712;13691.351700000001;300.0374;0;0
11/06 01:00 UTC;0;5582.8668;2494.6206;2300.8688;2005.4144999999999;9.3629;1002.9864;0.1948;200.3544;3.712;13600.3812;299.3275;0;0
11/06 02:00 UTC;0;5479.3767;2426.096;2225.7849;1876.6394999999998;9.995899999999999;1003.8625000000001;0.6055;203.0633;3.712;13229.1363;291.9979;0;0
11/06 03:00 UTC;0;5754.6086;2478.9231;2207.2279;1757.9676;11.3724;978.3175;26.3163;208.8374;3.712;13427.282799999999;294.0692;0;0
11/06 04:00 UTC;0;5513.6305;2480.2249;2570.3629;1748.0386;19.5023;963.9740999999999;178.3807;223.2179;3.712;13701.0439;272.7344;0;0
11/06 05:00 UTC;0;6531.7447;2464.2931;2804.057;1833.1491999999998;21.695300000000003;958.8162;489.4524;227.7903;3.712;15334.710200000001;270.1527;0;0
11/06 06:00 UTC;0;6453.0947;2037.9266;2600.0062;1877.5499000000002;15.5643;936.0372;909.996;222.3759;3.712;15056.2628;250.6229;0;0
11/06 07:00 UTC;0;6395.1216;1657.045;2512.915;1852.7319;11.998899999999999;901.883;1300.7307;212.6683;3.712;14848.8064;234.0986;0;0
11/06 08:00 UTC;0;6323.1433;1677.1162;2693.5964;1746.5482;12.4808;879.0675;1638.5265;207.103;3.712;15181.2939;222.7379;0;0
11/06 09:00 UTC;0;5230.4839;1650.265;2207.5037;1810.0692;10.8033;897.8783;1925.5944;203.0319;3.712;13939.341699999999;197.5681;0;0
11/06 10:00 UTC;0;4558.4786;1265.7617;1994.5604;1804.584;9.573500000000001;905.3411;2065.5299;198.6573;3.712;12806.198500000002;180.1321;0;0
11/06 11:00 UTC;0;4511.4043;1209.4657;2026.3166;1853.0049000000001;9.488199999999999;900.2396;2138.6474;197.1;3.712;12849.378700000001;178.525;0;0
11/06 12:00 UTC;0;4522.8983;1204.9416;2139.6527;1990.0166;9.590699999999998;860.9531999999999;2165.4406;198.3379;3.712;13095.5436;182.6958;0;0
11/06 13:00 UTC;0;4604.7103;1181.478;2117.4103;1914.6057999999998;9.5626;843.3065;2056.3292;200.0105;3.712;12931.125199999999;185.8233;0;0
11/06 14:00 UTC;0;5154.7457;1268.1186;2169.147;1863.7151;9.722100000000001;825.1572;1771.9246;205.0157;3.712;13271.258;202.1829;0;0
11/06 15:00 UTC;0;6193.7731;1569.4847;2150.227;1834.8821;11.4152;843.3490999999999;1353.138;210.8214;3.5794;14170.67;230.3209;0;0
11/06 16:00 UTC;0;7660.5684;2020.7301;2754.7011;1924.3142;14.944099999999999;825.2837;868.2825;222.9541;3.4469;16295.225100000001;281.8614;0;0
11/06 17:00 UTC;0;8257.5029;2254.6268;3787.8438;1976.6623;21.499499999999998;731.0726999999999;427.4656;235.1116;0;17691.7852;332.2761;0;0
11/06 18:00 UTC;0;8302.0521;2138.1395;4232.2384;1851.3592999999998;32.1886;639.3564;145.1712;241.0234;0;17581.5289;351.7111;0;0
11/06 19:00 UTC;0;8379.5424;2061.1264;4173.8315;1649.8054000000002;32.7263;624.379;12.9618;239.0414;0;17173.414200000003;361.5435;0;0
11/06 20:00 UTC;0;8741.8924;1951.1454;4038.0993;1661.7929;23.8747;608.8347;0.6387;231.3535;0;17257.6316;386.5332;0;0
11/06 21:00 UTC;0;9200.2821;1764.9871;3583.5473;1725.3022999999998;12.7806;630.639;0.2269;219.7152;0;17137.4805;410.3559;0;0
11/06 22:00 UTC;0;8934.0941;1224.8747;3155.0214;1815.0388;10.371300000000002;635.0228999999999;0.3223;208.8686;3.5529;15987.167000000001;403.135;0;0
11/06 23:00 UTC;0;8577.0948;1073.5384;2852.5934;1753.6592999999998;9.4484;611.3251;0.4008;205.004;3.2745;15086.3387;400.5333;0;0
12/06 00:00 UTC;0;8451.3038;1054.5865;2755.7648;1743.6805000000002;9.434000000000001;609.8437;0.3421;203.8216;3.1817;14831.958700000001;397.9149;0;0
12/06 01:00 UTC;0;8451.6347;1047.9224;2785.2432;1686.6693;8.8839;581.1533999999999;0.3106;203.7636;3.1817;14768.762799999999;405.5527;0;0
12/06 02:00 UTC;0;8704.7491;1049.7246;2873.0715;1712.3812;8.9418;583.8736;0.9066;207.2971;3.1817;15144.1272;409.3785;0;0
12/06 03:00 UTC;0;8987.9124;1154.2299;3120.8098;1705.7323000000001;9.8593;552.7636;41.363;214.3052;3.1817;15790.157199999998;415.9635;0;0
12/06 04:00 UTC;0;9974.4342;1428.9766;3381.7284;1624.0458999999998;17.9971;489.546;266.2075;229.6242;3.1817;17415.7416;400.4164;0;0
12/06 05:00 UTC;0;10139.4765;1494.91;3473.1517;1662.1718999999998;25.165599999999998;402.76239999999996;764.9469;235.0248;3.1817;18200.7915;357.6856;0;0
12/06 06:00 UTC;0;8989.7618;1458.8528;2831.4843;1640.4736000000003;18.095499999999998;394.3055;1435.3193;229.6861;3.1817;17001.160600000003;300.3892;0;0
12/06 07:00 UTC;0;6616.7187;1462.4425;2128.3587;1656.7949999999998;12.9311;430.4465;2015.4675;215.5197;3.1817;14541.8614;237.4516;0;0
12/06 08:00 UTC;0;5932.3824;1467.5411;2105.6851;1672.7875999999999;12.108699999999999;440.41279999999995;2305.1722;208.79;3.1817;14148.0616;218.1098;0;0
12/06 09:00 UTC;0;5666.3613;1445.2115;2082.4536;1642.1285;11.5661;492.8489;2397.4129;205.2212;3.1817;13946.3857;207.8389;0;0
12/06 10:00 UTC;0;5568.03;1447.9087;2033.9981;1518.7723;11.5444;510.6078;2439.9485;201.017;3.1817;13735.0085;202.3285;0;0
12/06 11:00 UTC;0;5578.114;1436.0475;1998.4804;1542.2885;11.3236;496.1451;2447.0525;200.7311;3.1817;13713.3644;203.1783;0;0
12/06 12:00 UTC;0;5581.5347;1434.2403;1993.0529;1531.2813;10.5045;543.2280000000001;2419.153;202.0133;3.1817;13718.1897;201.35;0;0
12/06 13:00 UTC;0;5853.9159;1431.8242;2040.6065;1501.8839;10.4085;548.8792;2195.1246;204.8537;3.1817;13790.6782;211.2551;0;0
12/06 14:00 UTC;0;6018.6579;1431.4445;2076.3034;1583.7714;10.8074;564.81;1851.5603;209.5767;3.1817;13750.113299999999;225.4149;0;0
12/06 15:00 UTC;0;8178.0159;1744.7901;2240.3093;1588.8239999999998;12.8765;531.6374;1408.7352;216.9788;3.1817;15925.3489;280.9042;0;0
12/06 16:00 UTC;0;11314.1676;2023.3829;3709.9669;1563.9492;13.7131;521.1027;889.9251;228.6686;3.1817;20268.057800000002;368.4614;0;0
12/06 17:00 UTC;0;11890.4669;2298.0236;5062.7965;1587.1587999999997;21.9882;488.76980000000003;421.4524;238.6907;3.3143;22012.661200000002;417.6798;0;0
12/06 18:00 UTC;0;12019.9845;2465.2497;5441.0472;1622.511;25.1037;426.96659999999997;133.4843;241.5707;0;22375.917699999998;461.1895;0;0
12/06 19:00 UTC;0;12375.1762;2352.2486;5577.1994;1599.2667000000001;23.096999999999998;386.54089999999997;10.8871;239.9875;0;22564.403400000003;494.8124;0;0
12/06 20:00 UTC;0;12373.1433;2216.2201;5737.7894;1639.2882;28.1215;348.3207;1.0058;234.7375;0;22578.6265;493.7006;0;0
12/06 21:00 UTC;0;12286.484;2060.5914;4921.0282;1594.9667;18.7373;351.0564;0.7383;223.0303;0;21456.6326;516.6183;0;0
12/06 22:00 UTC;0;12311.858;2101.8925;4274.6451;1615.4947;15.3412;344.1341;0.4392;213.9095;3.3938;20881.1081;531.9827;0;0
12/06 23:00 UTC;0;12198.6538;2050.6828;3884.701;1502.6374;13.921899999999999;336.4246;0.4388;209.479;3.3938;20200.3331;536.1888;0;0
13/06 00:00 UTC;0;12138.5393;1869.978;3849.8426;1484.3108;9.8549;326.6727;0.2852;206.7178;3.3938;19889.5951;550.8087;0;0
13/06 01:00 UTC;0;12207.0581;1806.0934;3887.3545;1479.7995;10.2122;333.9656;0.2939;206.3505;3.3938;19934.521500000003;546.8228;0;0
13/06 02:00 UTC;0;12095.4252;1895.271;3841.4241;1453.4442;10.47;334.0611;0.8702;209.3227;3.3938;19843.6823;544.1223;0;0
13/06 03:00 UTC;0;12277.6709;2074.785;4348.5735;1525.3772;14.4306;310.8347;40.5291;215.4737;3.3938;20811.068499999998;535.6312;0;0
13/06 04:00 UTC;0;12263.8298;2159.2782;4652.0731;1499.2642;23.3549;271.3552;249.4788;228.486;3.3938;21350.514;485.9112;0;0
13/06 05:00 UTC;0;12192.1101;2160.1362;4933.0608;1449.1303;29.5773;177.35559999999998;676.9771;235.1696;3.3938;21856.9108;437.9002;0;0
13/06 06:00 UTC;0;11784.8661;2054.2306;4552.862;1460.0622999999998;23.3138;139.4049;1299.0834;231.9096;3.3938;21549.126500000002;388.3431;0;0
13/06 07:00 UTC;0;9801.1017;1397.9588;2673.5066;1457.4804;12.8649;143.748;1914.6512;216.6482;3.3938;17621.3536;314.5611;0;0
13/06 08:00 UTC;0;7300.1151;1050.77;2016.5666;1436.8206;10.799900000000001;178.25910000000002;2328.0277;208.7043;3.3938;14533.4571;247.9711;0;0
13/06 09:00 UTC;0;6795.1266;1037.8658;1918.5158;1451.8402;10.0578;219.0111;2525.7846;204.8028;3.3938;14166.3985;229.4585;0;0
13/06 10:00 UTC;0;6684.8175;919.4604;1830.0107;1485.336;10.9158;235.46980000000002;2591.6357;201.4876;3.3938;13962.5273;221.8738;0;0
13/06 11:00 UTC;0;6693.3108;892.7794;1749.5326;1480.8195;10.7914;252.80419999999998;2598.0071;199.8865;3.3938;13881.3253;219.4829;0;0
13/06 12:00 UTC;0;6688.9918;885.0354;1759.7075;1439.9052;10.969899999999999;260.9984;2488.2555;200.0814;3.3938;13737.3389;222.0903;0;0
13/06 13:00 UTC;0;6844.6844;874.1801;1798.8869;1444.6715;11.0108;245.5598;2278.7455;202.9523;3.3938;13704.0851;233.926;0;0
13/06 14:00 UTC;0;7558.4578;912.6632;1896.5588;1473.9482;11.0465;199.9051;2002.7738;208.4501;3.3938;14267.1973;262.995;0;0
13/06 15:00 UTC;0;10296.2759;1380.003;2601.9448;1532.4814999999999;12.415799999999999;173.19400000000002;1569.1486;217.9662;3.3938;17786.823600000003;342.9571;0;0
13/06 16:00 UTC;0;12198.5704;2268.9042;4487.552;1515.0203;20.085300000000004;139.8495;1027.7785;231.8608;3.3938;21893.0148;428.0093;0;0
13/06 17:00 UTC;0;12330.8579;2506.8689;5548.5848;1498.8384;25.9948;120.344;487.2385;241.0533;3.3938;22763.1744;489.4321;0;0
13/06 18:00 UTC;0;12454.9303;2521.7084;5930.9505;1501.0759;34.0518;124.10829999999999;142.2871;244.4163;0;22953.528599999998;519.4787;0;0
13/06 19:00 UTC;0;12582.0562;2513.1213;5871.5117;1594.0743000000002;33.4237;171.118;9.8642;242.0874;0;23017.2568;531.8407;0;0
13/06 20:00 UTC;0;12570.8431;2464.0022;5113.7232;1681.7931;25.9152;245.7948;0.7396;232.6813;0;22335.4925;536.1682;0;0
13/06 21:00 UTC;0;12237.335;2071.2495;3866.9873;1686.9936;15.485999999999999;351.84069999999997;0.2792;221.6496;0;20451.8209;528.9193;0;0
13/06 22:00 UTC;0;11086.1547;1713.4691;2800.6014;1628.2269000000001;13.5764;441.3241;0.272;214.7602;3.2878;17901.672599999998;483.5493;0;0
13/06 23:00 UTC;0;8854.9436;1259.2924;1933.6585;1485.6318;10.954799999999999;509.6752;0.2552;207.8721;3.2878;14265.5714;421.0798;0;0
14/06 00:00 UTC;0;8359.2826;1063.1712;1638.9912;1480.1727;10.561100000000001;564.403;0.2539;204.1662;3.2878;13324.289700000001;392.5033;0;0
14/06 01:00 UTC;0;8128.4831;1030.2452;1684.1147;1421.9474;10.3842;608.9579;0.2385;203.4087;3.2878;13091.067500000001;375.3002;0;0
14/06 02:00 UTC;0;8423.9664;1034.9369;1620.7845;1441.7071;10.6014;623.5308;0.5323;206.3907;3.2878;13365.7379;376.1491;0;0
14/06 03:00 UTC;0;9183.2205;1202.777;1825.3869;1450.5086999999999;11.6339;642.9332999999999;27.9852;211.5522;3.2878;14559.2855;382.8626;0;0
14/06 04:00 UTC;0;9804.9562;1393.0674;2130.2069;1467.0492;17.9688;622.1998;178.3456;227.3499;3.2878;15844.431600000002;369.6343;0;0
14/06 05:00 UTC;0;9892.8085;1449.4644;2272.6093;1657.196;25.5427;539.2919999999999;403.8828;234.6099;3.2878;16478.6934;354.5033;0;0
14/06 06:00 UTC;0;9989.1708;1497.3828;2288.535;1649.3123;28.862400000000004;464.6177;685.7035;233.2262;3.2878;16840.0985;339.1033;0;0
14/06 07:00 UTC;0;9673.4195;1411.2969;2292.2648;1631.1587;22.4575;434.865;994.9115;222.8805;2.9696;16686.224;324.4018;0;0
14/06 08:00 UTC;0;8930.1145;1093.2077;2091.1353;1569.2532;16.349;463.66290000000004;1274.0909;213.64;2.9696;15654.4231;293.2797;0;0
14/06 09:00 UTC;0;6965.3889;1028.7462;1970.8581;1484.0320000000002;10.9305;559.3893;1486.5592;207.3603;2.9696;13716.234099999998;246.853;0;0
14/06 10:00 UTC;0;5690.9038;1056.0017;1811.6328;1472.8565;10.8082;648.6542999999999;1675.1192;200.8875;2.9696;12569.8336;212.5602;0;0
14/06 11:00 UTC;0;5590.776;1061.8448;1775.3938;1465.043;11.7747;682.7582;1702.8973;198.7416;2.9696;12492.199;206.5886;0;0
14/06 12:00 UTC;0;6258.3873;1047.7498;1796.3935;1460.5585999999998;13.2802;679.6346;1623.4334;200.5762;3.0757;13083.0893;217.2565;0;0
14/06 13:00 UTC;0;6899.0867;1025.6422;1772.3758;1367.4045;12.3502;657.2599;1463.6723;202.7886;3.1817;13403.761900000001;232.9438;0;0
14/06 14:00 UTC;0;7649.8365;909.6479;1754.819;1388.403;12.3623;620.919;1254.6579;208.9545;3.1817;13802.781799999999;255.0146;0;0
14/06 15:00 UTC;0;8898.8225;1083.8612;1841.9942;1462.9039;15.6813;573.4612;995.5482;219.0177;3.4999;15094.7901;293.2964;0;0
14/06 16:00 UTC;0;9248.9416;1426.3755;2465.0269;1438.6580000000001;26.5337;523.3045;685.2854;232.7255;3.6059;16050.456999999999;320.0147;0;0
14/06 17:00 UTC;0;8620.64;1568.1411;2905.5458;1443.3018000000002;34.8332;478.505;350.5318;242.1744;3.9241;15647.5972;336.2805;0;0
14/06 18:00 UTC;0;9165.3219;1572.749;3016.4059;1731.0698000000002;37.6335;439.3539;110.7431;245.1295;0;16318.406600000002;376.0218;0;0
14/06 19:00 UTC;0;9280.6202;1561.0208;2939.9715;1653.4694;34.7397;486.3156;7.9854;241.3603;0;16205.482899999999;383.5847;0;0
14/06 20:00 UTC;0;8956.3228;1493.8079;2703.8315;1673.6751;30.2398;557.5158;0.7657;231.8493;0;15648.0079;372.9313;0;0
14/06 21:00 UTC;0;7592.8089;1151.5278;2343.6195;1726.8427;20.805999999999997;650.0222;0.4186;221.7528;0;13707.798499999999;344.8904;0;0
14/06 22:00 UTC;0;6070.3014;752.6583;1961.6501;1766.9061000000002;12.9306;725.9652;0.2308;215.3211;3.3408;11509.3044;308.1196;0;0
14/06 23:00 UTC;0;4056.299;699.311;1845.4989;1782.9016000000001;12.0591;745.635;0.2893;212.7721;3.3408;9358.106800000001;263.4481;0;0
15/06 00:00 UTC;0;3686.8296;708.9016;1773.4457;1745.3771;12.171;762.5717999999999;0.2464;211.7565;3.3408;8904.640500000001;250.9126;0;0
15/06 01:00 UTC;0;3367.5909;694.5848;1767.6553;1749.3059;10.8368;809.7928999999999;0.2807;209.3408;3.3408;8612.728899999998;238.8596;0;0
15/06 02:00 UTC;0;3405.4767;693.9413;1760.2322;1781.4241000000002;11.5667;852.4938;0.9862;210.8971;3.3408;8720.358900000001;233.0504;0;0
15/06 03:00 UTC;0;3421.729;699.0102;1754.2753;1720.6335;11.1218;919.5681999999999;31.8301;212.3685;3.3408;8773.8774;222.0267;0;0
15/06 04:00 UTC;0;3414.376;699.3579;1759.1987;1690.4514;9.8794;1025.6994;146.555;215.7701;3.3408;8964.628700000001;204.7241;0;0
15/06 05:00 UTC;0;3355.9773;694.6982;1523.4692;1662.5567999999998;10.5607;1095.7282;327.2019;216.9971;3.3408;8890.530200000001;185.3328;0;0
15/06 06:00 UTC;0;3339.9587;690.788;1401.106;1683.1898999999999;10.8073;1125.8811;586.3063;213.7302;3.3408;9055.1083;172.8335;0;0
15/06 07:00 UTC;0;3325.4167;692.102;1413.156;1727.9325;14.6338;1078.3757;963.0305;210.0756;3.3408;9428.063600000001;163.522;0;0
15/06 08:00 UTC;0;3327.7055;686.8901;1391.5334;1685.8646;10.190700000000001;964.7230999999999;1402.737;206.1055;3.3408;9679.0907;161.1638;0;0
15/06 09:00 UTC;0;3331.7797;690.4724;1388.9988;1679.8337999999999;9.233099999999999;892.0636;1826;203.7411;3.3408;10025.4633;156.1104;0;0
15/06 10:00 UTC;0;3341.7163;690.497;1320.7357;1548.9533999999999;9.1641;773.5172;2142.9925;199.2575;3.3408;10030.174500000001;152.9498;0;0
15/06 11:00 UTC;0;3344.1747;682.3759;1282.9163;1447.0569;8.978;599.2773;2306.4583;197.8182;3.3408;9872.3964;156.0501;0;0
15/06 12:00 UTC;0;3336.0958;670.5269;1283.1826;1462.5888;8.7617;548.7445;2324.8992;198.2677;3.3408;9836.407999999998;158.2387;0;0
15/06 13:00 UTC;0;3358.0937;658.9098;1269.6314;1381.07;8.5753;651.4778;2213.4414;199.2908;3.3408;9743.831;154.4042;0;0
15/06 14:00 UTC;0;3357.3345;650.3325;1273.4928;1346.9451999999999;9.5356;772.0455;1955.3825;203.0764;3.3408;9571.4858;152.6965;0;0
15/06 15:00 UTC;0;3437.9006;651.5899;1349.6562;1384.5538;11.795999999999998;861.5522000000001;1526.273;209.7518;3.3408;9436.4143;158.548;0;0
15/06 16:00 UTC;0;3542.1526;747.365;1484.0679;1386.248;12.863999999999999;888.694;986.1276;219.8015;3.3408;9270.661399999999;174.8308;0;0
15/06 17:00 UTC;0;3683.3783;978.1676;1656.521;1423.2849;19.7501;835.6619000000001;469.1845;231.0813;3.3408;9300.3704;200.3364;0;0
15/06 18:00 UTC;0;4071.2442;1100.032;2010.3497;1460.8959;33.544399999999996;699.7860000000001;147.5006;239.037;0;9762.389799999999;229.4111;0;0
15/06 19:00 UTC;0;4291.1894;1293.5891;2184.7033;1456.0744;35.8369;638.1128;11.2591;237.9402;0;10148.7052;252.8885;0;0
15/06 20:00 UTC;0;4536.1609;1368.1688;2128.5759;1514.0416;32.4813;661.9056;0.4241;232.8349;0;10474.5931;262.4425;0;0
15/06 21:00 UTC;0;3877.0429;1083.2571;2129.4175;1569.945;24.2958;703.6281;0.2442;225.4227;0;9613.2533;252.3084;0;0
15/06 22:00 UTC;0;3676.4119;956.447;1905.8904;1643.9543999999999;20.579;726.5882;0.3289;218.7429;3.3938;9152.336500000001;246.7632;0;0
15/06 23:00 UTC;0;3373.9121;957.3592;1728.3237;1569.3518;15.615100000000002;734.4885;0.2667;214.3272;3.3938;8597.0381;242.9003;0;0
16/06 00:00 UTC;0;3345.6876;642.7562;1573.158;1650.8245;13.8819;741.9947999999999;0.2396;210.7877;3.3938;8182.7241;236.9295;0;0
16/06 01:00 UTC;0;3355.8105;658.4783;1606.7276;1757.1534;11.7561;740.1679;0.2297;208.8978;3.3938;8342.615099999999;244.7588;0;0
16/06 02:00 UTC;0;3404.3671;665.3914;1640.4146;1862.5227;10.317699999999999;727.1220000000001;0.9154;208.9866;3.3938;8523.4313;253.8429;0;0
16/06 03:00 UTC;0;3430.0414;670.056;1636.8449;1775.9892;10.4609;720.633;36.8044;210.8283;3.2878;8494.9459;250.0939;0;0
16/06 04:00 UTC;0;3397.6759;671.0693;1601.5284;1736.4238;10.2489;682.9253;237.1815;214.2982;3.1817;8554.533000000001;238.4403;0;0
16/06 05:00 UTC;0;3346.7193;673.806;1416.2914;1708.7242999999999;10.334999999999999;617.4837;683.4975;216.5233;3.1817;8676.5622;214.2824;0;0
16/06 06:00 UTC;0;3346.7638;671.449;1370.9633;1746.2995999999998;11.7192;500.9895;1257.9894;215.4981;3.1817;9124.8536;197.1876;0;0
16/06 07:00 UTC;0;3334.024;662.1469;1395.604;1847.0774;10.5592;475.42509999999993;1795.8745;211.425;3.1817;9735.317799999999;182.3689;0;0
16/06 08:00 UTC;0;3330.7507;660.4704;1405.8803;1865.5368999999998;10.244;454.2046;2235.8301;207.4708;3.1817;10173.5695;171.6204;0;0
16/06 09:00 UTC;0;3251.9978;659.8195;1415.6954;1912.6909;9.6312;504.9172;2439.4413;204.4302;3.1817;10401.805199999999;163.9837;0;0
16/06 10:00 UTC;0;3331.0149;652.507;1418.1;1887.0928;9.227200000000002;549.185;2455.1663;200.586;3.1817;10506.0609;162.3348;0;0
16/06 11:00 UTC;0;3369.2178;634.5438;1413.1703;1817.8087;8.821399999999999;525.4956;2415.5979;199.2035;3.1817;10387.040700000001;163.9388;0;0
16/06 12:00 UTC;0;3364.3816;635.2785;1387.5009;1768.2145;9.6285;480.19939999999997;2315.6775;197.3673;3.1817;10161.429900000001;167.2526;0;0
16/06 13:00 UTC;0;3367.1014;630.604;1411.7675;1848.778;9.5175;480.6468;2062.2706;198.2069;3.1817;10012.0744;175.5242;0;0
16/06 14:00 UTC;0;3401.1494;730.0625;1432.9256;1904.2896;10.1755;493.1101;1726.5155;203.1279;3.1817;9904.5378;187.6792;0;0
16/06 15:00 UTC;0;3423.5644;945.4856;1455.2299;1962.0889;12.043600000000001;531.7472;1306.2049;210.2381;3.1817;9849.784300000001;203.6086;0;0
16/06 16:00 UTC;0;4587.4624;1058.5731;1605.0062;1934.5498;13.824200000000001;532.5138999999999;840.1126;220.3272;3.1817;10795.5511;248.4127;0;0
16/06 17:00 UTC;0;7171.8601;1260.8949;1971.4382;1951.4457;21.0641;437.9756;393.8639;233.2526;3.1817;13444.9768;340.371;0;0
16/06 18:00 UTC;0;8062.7816;1411.4029;2317.5649;1943.6515000000002;31.0107;374.31800000000004;123.9607;239.8797;0;14504.570000000002;383.539;0;0
16/06 19:00 UTC;0;8574.3026;1414.031;2391.0732;1916.8416;35.725;318.0186;11.7509;240.057;0;14901.799899999998;409.6433;0;0
16/06 20:00 UTC;0;8874.1382;1431.4174;2461.0721;1896.0130000000001;38.6576;300.3917;1.2525;237.0888;0;15240.0313;414.0269;0;0
16/06 21:00 UTC;0;9162.0097;1394.7661;2464.2629;1880.9374;27.6651;319.3568;0.4669;227.6537;0;15477.118600000002;445.2918;0;0
16/06 22:00 UTC;0;9155.0349;1427.0412;2213.0263;1997.9092;18.179100000000002;328.04859999999996;0.2245;214.0783;3.2878;15356.8299;477.588;0;0
16/06 23:00 UTC;0;9286.8608;1437.1618;2384.5219;2002.51;14.4647;324.4389;0.2196;207.49;3.2878;15660.9555;497.011;0;0
17/06 00:00 UTC;0;9540.5119;1412.6109;2540.0158;1955.6914;13.0174;304.3275;0.2322;205.574;3.2878;15975.2689;513.726;0;0
17/06 01:00 UTC;0;9997.2107;1415.1232;2651.3846;1949.3611999999998;13.572099999999999;290.09749999999997;0.2634;205.964;3.2878;16526.264499999997;524.7083;0;0
17/06 02:00 UTC;0;10245.6642;1431.7255;2820.2664;1930.6419;14.586799999999998;281.2674;0.8908;208.5983;3.2878;16936.9291;527.3062;0;0
17/06 03:00 UTC;0;10618.3763;1528.6767;3539.5016;1842.5193;15.6809;289.3789;38.4661;214.5669;3.2878;18090.4545;516.182;0;0
17/06 04:00 UTC;0;10717.2387;1666.3718;3768.9175;1595.8303;28.483399999999996;279.1917;211.7408;227.678;3.2878;18498.74;449.1335;0;0
17/06 05:00 UTC;0;10756.4149;1749.6693;3953.2336;1671.9592000000002;30.977400000000003;250.9282;527.9314;234.2487;3.2878;19178.6505;413.3925;0;0
17/06 06:00 UTC;0;11126.866;1844.1698;3675.0705;1771.5492;24.461100000000002;220.6885;984.8993;230.9931;3.2878;19881.9853;391.5805;0;0
17/06 07:00 UTC;0;10315.1006;1597.9483;3261.4812;1785.9207999999999;14.5184;230.42790000000002;1493.9836;218.6533;3.2878;18921.321900000003;348.3055;0;0
17/06 08:00 UTC;0;7542.4697;1327.415;2254.2504;1776.0768;11.334200000000001;282.9967;1934.1456;207.6446;3.2878;15339.620800000002;270.9583;0;0
17/06 09:00 UTC;0;6217.5452;1193.0976;1922.886;1704.3925;11.1124;330.2514;2214.0062;202.6913;3.2878;13799.270400000001;230.3653;0;0
17/06 10:00 UTC;0;6088.6979;1063.3733;1775.4525;1634.0562;10.5071;366.49839999999995;2311.5848;200.3267;3.2878;13453.7847;218.5052;0;0
17/06 11:00 UTC;0;6092.3605;1024.4538;1730.3527;1570.395;10.5234;387.7987;2332.1608;199.5108;3.2878;13350.843499999999;214.37;0;0
17/06 12:00 UTC;0;6108.2151;1051.5589;1680.9366;1526.0387;10.4022;402.16139999999996;2242.7509;200.3557;3.2878;13225.707300000002;216.0024;0;0
17/06 13:00 UTC;0;6533.9667;1139.3485;1661.5474;1388.588;10.9377;379.6662;2051.8914;201.7165;3.2878;13370.9502;229.3531;0;0
17/06 14:00 UTC;0;8439.0979;1619.0673;1927.2134;1419.0713;11.0248;359.42170000000004;1720.4507;206.7062;3.2878;15705.341100000001;282.4093;0;0
17/06 15:00 UTC;0;10979.5694;2426.8159;2306.664;1465.156;13.813899999999999;320.10609999999997;1301.2647;215.5472;3.2878;19032.225;359.6167;0;0
17/06 16:00 UTC;0;12434.6399;3126.3168;4215.2855;1528.9628;19.8407;260.6979;838.5211;227.4551;3.2878;22655.007600000004;437.4944;0;0
17/06 17:00 UTC;0;12749.8211;3606.7259;5446.1418;1562.1851;25.7421;190.1402;432.5344;238.7217;3.2878;24255.3001;499.138;0;0
17/06 18:00 UTC;0;12876.071;3761.0405;5645.7162;1591.0881;30.3017;150.0386;145.3772;241.0633;0;24440.6966;543.5212;0;0
17/06 19:00 UTC;0;13087.0669;3790.261;5678.0209;1561.4913000000001;31.541;121.5676;14.2414;239.2633;0;24523.4534;573.0483;0;0
17/06 20:00 UTC;0;12922.7142;3556.347;5550.3158;1478.1429;29.587;101.9657;1.1412;230.9342;0;23871.148;584.78;0;0
17/06 21:00 UTC;0;12841.6837;3222.2497;5411.9904;1483.4846;22.625;91.1139;0.4074;221.5513;0;23295.105999999996;611.9704;0;0
17/06 22:00 UTC;0;12844.6177;2933.768;5289.4797;1803.9802;17.461399999999998;93.6757;0.2878;212.6453;3.2878;23199.2036;636.6148;0;0
17/06 23:00 UTC;0;12847.1373;2934.4855;5129.6949;1783.8639;14.4709;91.8282;0.3032;209.6909;3.2878;23014.7626;651.8472;0;0
