Date;Nuclear;Lignite;Coal;Gas;Other Fossil;Hydro;Wind;Solar;Biomass;Other Renewables;Total Energy;Renewable Share;Missing Data;Missing Data Line
10/06 00:00 UTC,0,6479.482,921.0517,6590.0351,1279.8944,2131.1574,13215.4218,2.8931,3759.798,75,34454.733499999995;55.69;0;0
10/06 01:00 UTC,0,6549.921,926.1748,6848.6476,1231.7189,2102.6395,12351.724,2.8711,3727.9018,71.25,33812.8487;54.010000000000005;0;0
10/06 02:00 UTC,0,7184.2176,1105.9005,8209.3701,1261.2309,2143.1434,11489.7491,11.6521,3797.5357,70,35272.7994;49.669999999999995;0;0
10/06 03:00 UTC,0,7713.2034,1307.1041,8904.7291,1272.1343,2458.4491000000003,10518.456,569.0072,3939.3111,70,36752.3943;47.199999999999996;0;0
10/06 04:00 UTC,0,8194.2235,1555.6885,10790.2657,1317.3935,5391.8839,8717.8516,3384.6672,4261.9286,70,43683.9025;43.33;0;0
10/06 05:00 UTC,0,8421.8778,1815.8301,11285.6673,1273.9188,7941.4885,6356.1415,9602.7186,4458.9639,70,51226.6065;44.800000000000004;0;0
10/06 06:00 UTC,0,8482.7963,2041.9353,11197.8528,1323.3136,6607.0010999999995,5251.5555,18489.4853,4408.3998,70,57872.339700000004;52.86;0;0
10/06 07:00 UTC,0,7937.8211,2020.2059,10048.6625,1325.3201,3906.2658,5390.6768,27685.5519,4201.9075,70,62586.4116;63.160000000000004;0;0
10/06 08:00 UTC,0,7041.1547,1932.4466,7730.7509,1265.9598,3370.2252999999996,5653.9866,33761.4778,4014.3368,70,64840.3385;70.44;0;0
10/06 09:00 UTC,0,6268.941,1685.225,5446.1294,1236.0804999999998,2844.5561,7270.9788,36091.4265,3900.096,70,64813.43329999999;76.38000000000001;0;0
10/06 10:00 UTC,0,5389.403,1272.1203,4500.5522,1204.0997,2625.7099000000003,7855.396299999999,36104.2134,3820.8266,70,62842.3214;79.79;0;0
10/06 11:00 UTC,0,5991.305,1183.6942,4200.863,1210.5467,2301.9879,9013.1989,35109.3848,3800.4753,70,62881.45579999999;79.82000000000001;0;0
10/06 12:00 UTC,0,5751.9076,1138.9828,4097.2625,1222.7528,2567.6661,10326.886700000001,31994.7556,3781.2472,70,60951.461299999995;79.62;0;0
10/06 13:00 UTC,0,5732.4406,1248.55,4058.0676,1219.6364999999998,2642.2578000000003,11117.635900000001,27955.8537,3814.8996,70,57859.341700000004;78.28;0;0
10/06 14:00 UTC,0,6174.814,1508.5345,4181.0666,1246.9066,2413.0988,12203.009399999999,23116.355,3946.1275,70,54859.9124;75.76;0;0
10/06 15:00 UTC,0,7185.3667,1782.1326,5055.3031,1294.0069999999998,2871.5951,13978.9735,16801.4818,4106.6285,70,53145.48829999999;70.34;0;0
10/06 16:00 UTC,0,7549.6302,2059.2487,6568.1532,1272.133,4413.6502,16493.2164,10200.602,4344.2733,70,52970.90700000001;63.41;0;0
10/06 17:00 UTC,0,7526.0228,2057.0059,7498.6509,1264.7764,6188.4022,18018.2863,4587.6574,4489.8199,70,51700.6218;57.49999999999999;0;0
10/06 18:00 UTC,0,7501.4176,2330.8129,8024.0727,1301.9940000000001,6654.513999999999,19305.2035,1218.6042,4521.9472,0,50858.56609999999;54.1;0;0
10/06 19:00 UTC,0,7211.1715,2812.1252,7669.3223,1287.6973,5295.4828,20993.131400000002,68.8194,4450.6902,0,49788.44010000001;55.910000000000004;0;0
10/06 20:00 UTC,0,6919.8746,3097.8306,7277.7741,1253.5955999999999,3798.5837,21705.6142,3.1569,4296.6715,0,48353.101200000005;58.4;0;0
10/06 21:00 UTC,0,6190.7101,3116.8053,6541.687,1267.0559,2566.4531,23323.1784,3.5223,4117.5026,0,47126.9147;62.870000000000005;0;0
10/06 22:00 UTC,0,4812.9631,2652.1218,5302.2697,1274.3320999999999,2117.0753999999997,24815.9977,3.3547,3918.2513,70,44966.3658;68.62;0;0
10/06 23:00 UTC,0,5042.9257,2330.4963,4617.6959,1257.614,2106.4354,25431.940599999998,3.4261,3819.9321,70,44680.4661;70.28;0;0
11/06 00:00 UTC,0,5103.0529,2302.7369,4559.7966,1253.6363,2384.4852,26159.1966,3.0058,3785.8626,70,45621.772899999996;70.78;0;0
11/06 01:00 UTC,0,5058.8748,2271.5673,4478.0102,1268.1861999999999,2208.7097000000003,26289.3874,2.9178,3778.2347,70,45425.8881;71.21;0;0
11/06 02:00 UTC,0,4965.098,2209.1698,4331.8799,1209.9386,2358.0235000000002,26312.353499999997,9.0695,3829.3188,70,45294.8516;71.53;0;0
11/06 03:00 UTC,0,5214.4974,2257.2734,4295.7638,1153.986,2682.7243,25642.789800000002,394.1591,3938.2056,70,45649.399399999995;70.77;0;0
11/06 04:00 UTC,0,4996.1369,2258.4588,5002.5064,1149.5941000000003,4600.5896999999995,25266.8307,2671.7459,4209.3897,70,50225.252199999995;68.94;0;0
11/06 05:00 UTC,0,5918.6938,2243.9516,5457.328,1186.3574,5117.9145,25131.6377,7330.9097,4295.6137,70,56752.4064;68.93;0;0
11/06 06:00 UTC,0,5847.4256,1855.708,5060.199,1202.2621000000001,3671.6246,24534.575699999998,13629.7183,4193.5107,70,60065.024;74.39;0;0
11/06 07:00 UTC,0,5794.8937,1508.8825,4890.6999,1192.7601,2830.5405,23639.354099999997,19482.0554,4010.4475,70,63419.6337;77.96;0;0
11/06 08:00 UTC,0,5729.6711,1527.159,5242.3467,1146.1837,2944.2209999999995,23041.336,24541.486,3905.4978,70,68147.9013;79.09;0;0
11/06 09:00 UTC,0,4739.5656,1502.7087,4296.3006,1184.3382,2548.5114,23534.3883,28841.1257,3828.7259,70,70545.6644;82.98;0;0
11/06 10:00 UTC,0,4130.6328,1152.5852,3881.8648,1178.435,2258.3878999999997,23729.9945,30937.0478,3746.2305,70,71085.1785;85.31;0;0
11/06 11:00 UTC,0,4087.9768,1101.3229,3943.6696,1180.5498,2238.2808999999997,23596.2791,32032.1848,3716.8644,70,71967.12829999998;85.53;0;0
11/06 12:00 UTC,0,4098.3919,1097.2033,4164.2471,1238.7186,2262.4683,22566.5405,32433.4874,3740.208,70,71671.26509999999;85.09;0;0
11/06 13:00 UTC,0,4172.5253,1075.8377,4120.9584,1209.8965,2255.8076,22104.0002,30799.2415,3771.7499,70,69580.01710000001;84.75;0;0
11/06 14:00 UTC,0,4670.9359,1154.7315,4221.6497,1186.3355,2293.444,21628.2857,26539.4927,3866.137,70,65631.012;82.73;0;0
11/06 15:00 UTC,0,5612.4432,1429.1513,4184.8272,1181.5640999999998,2692.8377,22105.116899999997,20266.9997,3975.6192,67.5,61516.0593;79.17;0;0
11/06 16:00 UTC,0,6941.5693,1840.0491,5361.2703,1227.9322,3525.3326,21631.601000000002,13004.9423,4204.415,65,57802.111800000006;71.61;0;0
11/06 17:00 UTC,0,7482.4772,2053.0323,7371.9993,1255.0071,5071.7263,19162.2264,6402.4855,4433.6781,0,53232.63220000001;61.160000000000004;0;0
11/06 18:00 UTC,0,7522.8451,1946.9605,8236.8914,1198.9014,7593.2732,16758.240599999997,2174.3413,4545.1602,0,49976.6137;52.52;0;0
11/06 19:00 UTC,0,7593.0624,1876.8335,8123.2184,1107.358,7720.112700000001,16365.6678,194.1384,4507.7843,0,47488.1755;49.9;0;0
11/06 20:00 UTC,0,7921.4033,1776.6863,7859.0529,1114.9757,5632.034000000001,15958.233499999998,9.5668,4362.808,0,44634.760500000004;51.28;0;0
11/06 21:00 UTC,0,8336.7698,1607.173,6974.3922,1139.8533,3014.9503999999997,16529.7503,3.3987,4143.3361,0,41749.62380000001;54.96;0;0
11/06 22:00 UTC,0,8095.5655,1115.3542,6140.384,1191.0916,2446.5775000000003,16644.657,4.8274,3938.7935,67,39644.2507;57.63;0;0
11/06 23:00 UTC,0,7772.0731,977.5493,5551.7907,1165.2650999999998,2228.8646,16023.509399999999,6.0033,3865.9159,61.75,37652.721399999995;58.540000000000006;0;0
12/06 00:00 UTC,0,7658.0885,960.292,5363.3404,1160.6577,2225.4863,15984.6813,5.1241,3843.6175,60,37261.287800000006;59.099999999999994;0;0
12/06 01:00 UTC,0,7658.3884,954.2238,5420.7121,1134.6153,2095.7315,15232.6763,4.6515,3842.5245,60,36403.5234;58.34;0;0
12/06 02:00 UTC,0,7887.7462,955.8649,5591.6458,1148.6541,2109.3853,15303.9752,13.5781,3909.1586,60,36980.0082;57.809999999999995;0;0
12/06 03:00 UTC,0,8144.3326,1051.0259,6073.8004,1143.1098,2325.8242,14488.5488,619.5255,4041.316,60,37947.483199999995;56.25;0;0
12/06 04:00 UTC,0,9038.2622,1301.2065,6581.6069,1105.8446999999999,4245.5223,12831.5464,3987.1967,4330.1983,60,43481.384;54.06999999999999;0;0
12/06 05:00 UTC,0,9187.8142,1361.2445,6759.5373,1121.3411,5936.5561,10556.848600000001,11457.2041,4432.0399,60,50872.58579999999;57.08;0;0
12/06 06:00 UTC,0,8146.0084,1328.4114,5510.7077,1107.3303,4268.7361,10335.182999999999,21497.8934,4331.3641,60,56585.634399999995;68.17;0;0
12/06 07:00 UTC,0,5995.6924,1331.6801,4142.2665,1117.5427,3050.4294999999997,11282.4803,30187.2248,4064.2175,60,61231.53379999999;78.19;0;0
12/06 08:00 UTC,0,5375.5859,1336.3228,4098.1387,1123.7858,2856.4329999999995,11543.7084,34526.3571,3937.3111,60,64857.6428;80.76;0;0
12/06 09:00 UTC,0,5134.5328,1315.9898,4052.9249,1105.4384,2728.4285,12918.116899999999,35907.9182,3870.0113,60,67093.36080000001;82.1;0;0
12/06 10:00 UTC,0,5045.4306,1318.4458,3958.6196,1052.1634999999999,2723.3133,13383.5965,36545.0058,3790.7293,60,67877.3044;82.71;0;0
12/06 11:00 UTC,0,5054.5681,1307.6452,3889.494,1063.1805,2671.2092,13004.5123,36651.4082,3785.3375,60,67487.35500000001;82.73;0;0
12/06 12:00 UTC,0,5057.6677,1305.9996,3878.9309,1062.0274,2478.0027999999998,14238.6091,36233.5354,3809.5178,60,68124.29070000001;83.17;0;0
12/06 13:00 UTC,0,5304.4841,1303.7995,3971.4809,1049.7171,2455.3635000000004,14386.7362,32878.0879,3863.0818,60,65272.751000000004;82.06;0;0
12/06 14:00 UTC,0,5453.7638,1303.4537,4040.9551,1095.5580000000002,2549.4584000000004,14804.2958,27732.2594,3952.1474,60,60991.891599999995;80.15;0;0
12/06 15:00 UTC,0,7410.4506,1588.782,4360.1477,1101.517,3037.5497,13934.805699999999,21099.723,4091.7344,60,56684.7101;73.56;0;0
12/06 16:00 UTC,0,10252.2521,1842.4648,7220.4332,1086.9609,3234.8978,13658.6815,13329.1006,4312.1761,60,54996.967;61.519999999999996;0;0
12/06 17:00 UTC,0,10774.4616,2092.5488,9853.345,1096.5776,5187.018600000001,12811.2017,6312.4197,4501.1714,62.5,52691.244399999996;50.09;0;0
12/06 18:00 UTC,0,10891.823,2244.8226,10589.5062,1111.872,5921.9713,11191.270100000002,1999.2981,4555.4816,0,48506.04490000001;42.5;0;0
12/06 19:00 UTC,0,11213.6774,2141.9253,10854.4892,1110.464,5448.571100000001,10131.6664,163.0641,4525.6255,0,45589.483;38.92;0;0
12/06 20:00 UTC,0,11211.8353,2018.0597,11167.0336,1118.2743,6633.8751,9129.8709,15.0645,4426.623,0,45720.636399999996;36.059999999999995;0;0
12/06 21:00 UTC,0,11133.3096,1876.3463,9577.4319,1094.0116,4420.1167,9201.5797,11.0587,4205.8521,0,41519.7066;38.39;0;0
12/06 22:00 UTC,0,11156.3021,1913.9545,8319.4244,1104.9072,3619.0018,9020.1384,6.5775,4033.8539,64,39238.1598;39.77;0;0
12/06 23:00 UTC,0,11053.723,1867.3237,7560.5051,1055.7996,3284.1876,8818.0633,6.572,3950.3032,64,37660.4775;40.839999999999996;0;0
13/06 00:00 UTC,0,10999.2506,1702.7764,7492.6629,1047.8137,2324.7814,8562.4558,4.2724,3898.2342,64,36096.2474;40.92;0;0
13/06 01:00 UTC,0,11061.3384,1644.6039,7565.6694,1047.5729000000001,2409.0609,8753.6083,4.4015,3891.3072,64,36441.5625;41.31;0;0
13/06 02:00 UTC,0,10960.1831,1725.8078,7476.2785,1042.9438,2469.8765,8756.1118,13.0341,3947.3561,64,36455.5917;41.52;0;0
13/06 03:00 UTC,0,11125.3237,1889.2708,8463.3057,1076.108,3404.1775,8147.323399999999,607.0354,4063.3507,64,38839.8952;39.629999999999995;0;0
13/06 04:00 UTC,0,11112.7817,1966.2092,9053.9845,1061.8679,5509.4186,7112.5198,3736.6385,4308.734,64,43926.1542;40.99;0;0
13/06 05:00 UTC,0,11047.7934,1966.9904,9600.8501,1020.6208,6977.280999999999,4648.6872,10139.613,4434.771,64,49900.606900000006;44.37;0;0
13/06 06:00 UTC,0,10678.7722,1870.5542,8860.8974,1019.4943000000001,5499.7282000000005,3653.9564,19457.3829,4373.2952,64,55478.080799999996;54.36;0;0
13/06 07:00 UTC,0,8881.1982,1272.9621,5203.2474,1021.2226999999999,3034.8313,3767.7961,28677.2208,4085.4984,64,56007.97699999999;69.75;0;0
13/06 08:00 UTC,0,6614.9471,956.8168,3924.6938,1015.0849000000001,2547.7107,4672.3691,34868.6819,3935.6956,64,58599.9999;78.43;0;0
13/06 09:00 UTC,0,6157.3554,945.0664,3733.865,1023.237,2372.6241999999997,5740.5232,37830.6407,3862.122,64,61729.43390000001;80.63;0;0
13/06 10:00 UTC,0,6057.3996,837.2481,3561.614,1037.546,2575.0395999999996,6171.9244,38816.9438,3799.6035,64,62921.318999999996;81.47;0;0
13/06 11:00 UTC,0,6065.0957,812.9527,3404.9855,1036.259,2545.6971999999996,6626.2794,38912.3727,3769.4108,64,63237.053;81.93;0;0
13/06 12:00 UTC,0,6061.1821,805.9011,3424.7881,1019.6414,2587.8048999999996,6841.0577,37268.5379,3773.0866,64,61845.999800000005;81.52000000000001;0;0
13/06 13:00 UTC,0,6202.2618,796.0164,3501.04,1019.0980999999999,2597.4501,6436.394899999999,34130.544,3827.2259,64,58574.031200000005;80.12;0;0
13/06 14:00 UTC,0,6849.0425,831.0586,3691.1315,1030.6785,2605.877,5239.733200000001,29997.1006,3930.9017,64,54239.5236;76.87;0;0
13/06 15:00 UTC,0,9329.8968,1256.6118,5063.972,1056.7816,2928.8808,4539.6089999999995,23502.3595,4110.3545,64,51852.466;67.02;0;0
13/06 16:00 UTC,0,11053.6474,2066.0331,8733.7892,1050.992,4738.109,3665.6099000000004,15393.8386,4372.3756,64,51138.394799999995;51.2;0;0
13/06 17:00 UTC,0,11173.5187,2282.7205,10798.7988,1047.2898,6132.1832,3154.3489,7297.7501,4545.7256,64,46496.335600000006;38.6;0;0
13/06 18:00 UTC,0,11285.946,2296.2331,11542.9687,1020.8881,8032.817000000001,3253.0151,2131.1451,4609.1436,0,44172.1567;29.45;0;0
13/06 19:00 UTC,0,11401.1402,2288.4138,11427.2873,1064.6894,7884.6443,4485.1941,147.7441,4565.2251,0,43264.3383;27.99;0;0
13/06 20:00 UTC,0,11390.9796,2243.6867,9952.4599,1100.9394,6113.392900000001,6442.556699999999,11.0779,4387.8476,0,41642.94070000001;32.53;0;0
13/06 21:00 UTC,0,11088.7736,1886.0514,7526.0303,1092.0438,3653.1642,9222.1342,4.1817,4179.8151,0,38652.1943;41.31;0;0
13/06 22:00 UTC,0,10045.6398,1560.2615,5450.6027,1063.7231,3202.6639,11567.5952,4.0745,4049.8962,62,37006.456900000005;49.25;0;0
13/06 23:00 UTC,0,8023.8438,1146.6944,3763.336,1000.7852,2584.2353000000003,13359.154,3.8218,3920.0025,62,33863.873;58.209999999999994;0;0
14/06 00:00 UTC,0,7574.7042,968.1091,3189.8468,998.9644000000001,2491.3374,14793.6279,3.8025,3850.1173,62,33932.5096;62.17;0;0
14/06 01:00 UTC,0,7365.5669,938.1271,3277.6675,973.5234999999999,2449.626,15961.4638,3.5718,3835.8312,62,34867.37780000001;63.970000000000006;0;0
14/06 02:00 UTC,0,7633.3169,942.3994,3154.4125,982.3695,2500.8815,16343.434799999999,7.9732,3892.066,62,35518.8538;64.05;0;0
14/06 03:00 UTC,0,8321.3096,1095.2322,3552.615,977.0219,2744.4204,16851.995899999998,419.1559,3989.4003,62,38013.1512;62.660000000000004;0;0
14/06 04:00 UTC,0,8884.6909,1268.5081,4145.8636,984.5822,4238.8457,16308.5494,2671.2212,4287.3099,62,42851.570999999996;60.870000000000005;0;0
14/06 05:00 UTC,0,8964.2977,1319.8624,4423.0108,1067.1367,6025.5171,14135.444099999999,6049.2669,4424.216,62,46470.75169999999;59.41;0;0
14/06 06:00 UTC,0,9051.6157,1363.4963,4454.0058,1061.86,6808.6211,12178.1462,10270.3144,4398.1237,62,49648.1832;60.23;0;0
14/06 07:00 UTC,0,8765.5,1285.1076,4461.2648,1056.1653,5297.7225,11398.2934,14901.5635,4203.0256,56,51424.6427;64.82;0;0
14/06 08:00 UTC,0,8091.9594,995.4599,4069.8215,1030.3587,3856.7181,12153.120200000001,19083.0497,4028.7711,56,53365.258599999994;71.03;0;0
14/06 09:00 UTC,0,6311.6374,936.7622,3835.7348,996.9123999999999,2578.4976,14662.2168,22265.3526,3910.3495,56,55553.46329999999;78.03;0;0
14/06 10:00 UTC,0,5156.7718,961.5806,3525.8465,995.6987,2549.6393,17001.9519,25089.5628,3788.2872,56,59125.3388;81.77;0;0
14/06 11:00 UTC,0,5066.0417,966.9013,3455.3172,987.6487,2777.6598000000004,17895.851000000002,25505.6167,3747.8209,56,60458.857299999996;82.26;0;0
14/06 12:00 UTC,0,5670.9929,954.0666,3496.1873,985.0629999999999,3132.7805,17813.979,24315.4245,3782.418,58,60208.911799999994;80.92;0;0
14/06 13:00 UTC,0,6251.558,933.9357,3449.4434,947.3217,2913.4129,17227.5113,21922.558,3824.1381,60,57529.87909999999;79.32000000000001;0;0
14/06 14:00 UTC,0,6931.8446,828.313,3415.2739,956.5935,2916.2909999999997,16274.976299999998,18791.9878,3940.414,60,54115.6941;77.14;0;0
14/06 15:00 UTC,0,8063.6044,986.9491,3584.9366,983.0253,3699.2221000000004,15031.055199999999,14911.1001,4130.1832,66,51456.075999999994;71.63000000000001;0;0
14/06 16:00 UTC,0,8380.8623,1298.838,4797.4989,970.9393,6259.2912,13716.3919,10264.0528,4388.6817,68,50144.5561;62.64999999999999;0;0
14/06 17:00 UTC,0,7811.5313,1427.9278,5654.8482,974.5996,8217.141599999999,12542.148200000001,5250.1868,4566.8657,74,46519.2492;54.910000000000004;0;0
14/06 18:00 UTC,0,8305.0909,1432.1237,5870.6069,1101.6626999999999,8877.75,11515.9522,1658.685,4622.593,0,43384.4644;48.199999999999996;0;0
14/06 19:00 UTC,0,8409.5676,1421.4442,5721.8482,1068.1048,8195.1009,12746.871299999999,119.6042,4551.5143,0,42234.055499999995;48.339999999999996;0;0
14/06 20:00 UTC,0,8115.7079,1360.241,5262.2665,1077.4176,7133.5694,14613.1092,11.4681,4372.157,0,41945.9367;52.370000000000005;0;0
14/06 21:00 UTC,0,6880.1695,1048.5654,4561.2126,1107.833,4908.1283,17037.8031,6.2698,4181.7598,0,39731.7415;60.27;0;0
14/06 22:00 UTC,0,5500.5602,685.3603,3817.814,1130.535,3050.3257000000003,19028.3553,3.4564,4060.4739,63,37339.880800000006;68.52000000000001;0;0
14/06 23:00 UTC,0,3675.5863,636.783,3591.7575,1136.071,2844.7290000000003,19543.9211,4.3328,4012.4047,63,35508.585399999996;72.99;0;0
15/06 00:00 UTC,0,3340.7942,645.5161,3451.5258,1119.3932,2871.1375,19987.852700000003,3.6899,3993.2519,63,35476.16130000001;74.57000000000001;0;0
15/06 01:00 UTC,0,3051.5184,632.4794,3440.2563,1124.1996,2556.3876999999998,21225.572799999998,4.2037,3947.6978,63,36045.31569999999;76.83;0;0
15/06 02:00 UTC,0,3085.8484,631.8934,3425.8092,1134.3112999999998,2728.5881,22344.808699999998,14.7706,3977.0463,63,37406.076;77.08;0;0
15/06 03:00 UTC,0,3100.5752,636.5091,3414.2158,1082.8739,2623.6245000000004,24102.904599999998,476.7435,4004.7944,63,39505.241;78.64;0;0
15/06 04:00 UTC,0,3093.9124,636.8257,3423.7978,1081.0501,2330.5484,26884.7192,2195.0684,4068.941,63,43777.863000000005;81.01;0;0
15/06 05:00 UTC,0,3040.9949,632.5826,2965.0151,1055.2189,2491.2762,28720.253999999997,4900.757,4092.0786,63,47961.177299999996;83.39999999999999;0;0
15/06 06:00 UTC,0,3026.4797,629.0221,2726.8685,1066.0376999999999,2549.4424,29510.5938,8781.565,4030.4721,63,52383.4813;85.28;0;0
15/06 07:00 UTC,0,3013.3026,630.2186,2750.3207,1088.9941,3452.1187,28265.4245,14424.0563,3961.5542,63,57648.98969999999;84.86;0;0
15/06 08:00 UTC,0,3015.3766,625.4727,2708.2382,1051.0796,2403.9882999999995,25286.462799999998,21009.8825,3886.6867,63,60050.187399999995;87.25;0;0
15/06 09:00 UTC,0,3019.0684,628.7347,2703.3053,1047.6459,2178.1038,23381.9783,27349.4228,3842.0999,63,64213.35910000001;88.44999999999999;0;0
15/06 10:00 UTC,0,3028.0723,628.7572,2570.4498,989.7996,2161.7980000000002,20274.7461,32097.2649,3757.5493,63,65571.4372;88.87;0;0
15/06 11:00 UTC,0,3030.3,621.3621,2496.8447,944.0423999999999,2117.8973,15707.7248,34545.6198,3730.4067,63,63257.1978;88.66000000000001;0;0
15/06 12:00 UTC,0,3022.9794,610.5726,2497.363,950.1175,2066.8892,14383.2032,34821.8232,3738.8839,63,62154.832;88.42;0;0
15/06 13:00 UTC,0,3042.9126,599.9942,2470.9894,912.9449999999999,2022.9407,17075.9584,33152.434,3758.1774,63,63099.35170000001;88.66000000000001;0;0
15/06 14:00 UTC,0,3042.2246,592.1839,2478.5044,898.1126999999999,2249.4609,20236.1701,29287.284,3829.5651,63,62676.5057;88.53999999999999;0;0
15/06 15:00 UTC,0,3115.229,593.3288,2626.7356,931.8619999999999,2782.6711999999998,22582.240999999998,22860.1781,3955.4488,63,59510.6945;86.92;0;0
15/06 16:00 UTC,0,3209.6963,680.5403,2888.3312,933.3276999999999,3034.6264,23293.6587,14769.9995,4144.9642,63,53018.14430000001;84.17999999999999;0;0
15/06 17:00 UTC,0,3337.6669,890.706,3223.9638,950.6941999999999,4659.0751,21903.625799999998,7027.3412,4357.675,63,46413.748;77.21000000000001;0;0
15/06 18:00 UTC,0,3689.1288,1001.6741,3912.5944,967.3285000000001,7913.1089999999995,18342.1674,2209.2318,4507.7014,0,42542.9354;64.98;0;0
15/06 19:00 UTC,0,3888.4306,1177.9246,4251.9259,965.5386,8453.942799999999,16725.646399999998,168.6361,4487.0185,0,40119.0635;59.660000000000004;0;0
15/06 20:00 UTC,0,4110.4098,1245.8358,4142.6892,991.6075,7662.3534,17349.2802,6.3522,4390.7445,0,39899.272600000004;60.81999999999999;0;0
15/06 21:00 UTC,0,3513.1547,986.3991,4144.3273,1015.8179,5731.379599999999,18442.8761,3.6569,4250.9666,0,38088.5782;66.06;0;0
15/06 22:00 UTC,0,3331.3543,870.9275,3709.2929,1072.2226,4854.6037,19044.6838,4.9263,4124.9999,64,37077.011;69.14;0;0
15/06 23:00 UTC,0,3057.2464,871.7582,3363.7082,1043.0417,3683.6052,19251.7592,3.9949,4041.7306,64,35380.8444;72.71;0;0
16/06 00:00 UTC,0,3031.6709,585.285,3061.7206,1079.7338,3274.742,19448.5083,3.5882,3974.9835,64,34524.232299999996;74.86;0;0
16/06 01:00 UTC,0,3040.8437,599.6013,3127.0547,1124.2241999999999,2773.2628,19400.6225,3.4399,3939.3437,64,34072.3928;75.51;0;0
16/06 02:00 UTC,0,3084.8429,605.8963,3192.6171,1169.9825,2433.9452,19058.6764,13.71,3941.0196,64,33564.689999999995;75.64;0;0
16/06 03:00 UTC,0,3108.1075,610.1439,3185.6697,1105.0438,2467.7086000000004,18888.5925,551.2474,3975.7498,62,33954.2632;75.94;0;0
16/06 04:00 UTC,0,3078.7798,611.0666,3116.9359,1086.2185,2417.7351000000003,17900.230799999998,3552.4516,4041.1829,60,35864.6012;77.77;0;0
16/06 05:00 UTC,0,3032.6058,613.5585,2756.4228,1073.7414,2438.0202999999997,16184.933799999999,10237.2729,4083.1441,60,40479.69959999999;81.21000000000001;0;0
16/06 06:00 UTC,0,3032.6461,611.4123,2668.2042,1090.2122,2764.5752,13131.4923,18841.8852,4063.8105,60,46264.238;82.97;0;0
16/06 07:00 UTC,0,3021.102,602.9419,2716.1605,1134.9951,2490.9224,12461.4207,26898.2091,3987.0008,60,53372.752499999995;85.53;0;0
16/06 08:00 UTC,0,3018.136,601.4153,2736.1605,1132.8377,2416.5621,11905.2074,33487.7664,3912.4348,60,59270.5202;87;0;0
16/06 09:00 UTC,0,2946.7746,600.8226,2755.2629,1163.2701,2272.0017,13234.441200000001,36537.409,3855.0946,60,63425.0767;88.06;0;0
16/06 10:00 UTC,0,3018.3754,594.1639,2759.9428,1152.7436,2176.6965999999998,14394.7493,36772.9356,3782.6014,60,64712.20859999999;88.26;0;0
16/06 11:00 UTC,0,3052.9926,577.8069,2750.3485,1121.7961,2080.9712,13773.8245,36180.2889,3756.5317,60,63354.5604;88.06;0;0
16/06 12:00 UTC,0,3048.6103,578.4759,2700.39,1099.4085,2271.3633,12586.5599,34683.7037,3721.9044,60,60750.416;87.53;0;0
16/06 13:00 UTC,0,3051.0749,574.2194,2747.6182,1133.9409,2245.1704,12598.2855,30888.2302,3737.7382,60,57036.277700000006;86.69;0;0
16/06 14:00 UTC,0,3081.9272,664.7849,2788.7968,1158.0285000000001,2400.3945999999996,12924.9623,25859.3656,3830.5374,60,52768.797300000006;85.14;0;0
16/06 15:00 UTC,0,3102.2384,860.9463,2832.2058,1207.9892,2841.0742,13937.6853,19564.0463,3964.6195,60,48370.80500000001;82.48;0;0
16/06 16:00 UTC,0,4156.8962,963.9222,3123.7044,1190.4703,3261.1414000000004,13957.7788,12583.0197,4154.876,60,43451.80900000001;76.85;0;0
16/06 17:00 UTC,0,6498.7297,1148.1536,3836.8639,1201.4687999999999,4969.0316,11479.828000000001,5899.2067,4398.6212,60,39491.90349999999;62.46000000000001;0;0
16/06 18:00 UTC,0,7306.0319,1285.2041,4510.5045,1199.0324,7315.436299999999,9811.2907,1856.6561,4523.5929,0,37807.74889999999;50.68;0;0
16/06 19:00 UTC,0,7769.543,1287.5973,4653.5682,1189.73,8427.5131,8335.6225,176.0021,4526.9371,0,36366.513300000006;44.46;0;0
16/06 20:00 UTC,0,8041.2368,1303.429,4789.8018,1180.5493,9119.3232,7873.6005000000005,18.7599,4470.9636,0,36797.664099999995;42.42;0;0
16/06 21:00 UTC,0,8302.0896,1270.0549,4796.012,1179.798,6526.1903,8370.6962,6.9924,4293.0384,0,34744.8718;44.529999999999994;0;0
16/06 22:00 UTC,0,8295.7694,1299.4442,4307.0487,1250.7782,4288.438700000001,8598.517100000001,3.3629,4037.0373,62,32142.396499999995;48.08;0;0
16/06 23:00 UTC,0,8415.2225,1308.6599,4640.8179,1238.8091000000002,3412.2107,8503.9034,3.2888,3912.7966,62,31497.708899999998;47.870000000000005;0;0
17/06 00:00 UTC,0,8645.0666,1286.3042,4943.4441,1219.5149999999999,3070.8024,7976.7631,3.4783,3876.6644,62,31084.038099999998;46.44;0;0
17/06 01:00 UTC,0,9058.901,1288.5918,5160.1931,1220.026,3201.6638,7603.7761,3.9454,3884.0185,62,31483.1157;45.15;0;0
17/06 02:00 UTC,0,9284.0353,1303.7097,5488.8752,1207.6073,3441.0212,7372.331999999999,13.3419,3933.6956,62,32106.6182;44.21;0;0
17/06 03:00 UTC,0,9621.7657,1391.992,6888.6693,1162.7184,3699.1104000000005,7584.943,576.137,4046.2506,62,35033.5864;42.88;0;0
17/06 04:00 UTC,0,9711.3492,1517.3753,7335.1644,1047.1378,6719.2372,7317.9239,3171.4063,4293.4957,62,41175.0898;43.5;0;0
17/06 05:00 UTC,0,9746.8484,1593.2249,7693.8851,1076.1831,7307.552,6577.1055,7907.2391,4417.4046,62,46381.44270000001;47.160000000000004;0;0
17/06 06:00 UTC,0,10082.5301,1679.2757,7152.517,1123.5318,5770.3726,5784.4913,14751.6022,4356.0117,62,50762.33239999999;54.42;0;0
17/06 07:00 UTC,0,9346.9547,1455.0698,6347.5788,1137.8808,3424.8963,6039.7699999999995,22376.5549,4123.3115,62,54314.0168;64.78;0;0
17/06 08:00 UTC,0,6834.555,1208.726,4387.2803,1136.8183,2673.7308999999996,7417.655699999999,28969.2031,3915.7112,62,56605.680499999995;75.75;0;0
17/06 09:00 UTC,0,5633.9842,1086.4184,3742.3703,1110.257,2621.422,8656.256000000001,33160.8936,3822.3039,62,59895.9054;80.47;0;0
17/06 10:00 UTC,0,5517.23,968.2932,3455.4314,1078.5012,2478.6306,9606.3316,34622.4042,3777.7121,62,61566.5343;82.01;0;0
17/06 11:00 UTC,0,5520.5489,932.8536,3367.657,1051.1917999999998,2482.4822000000004,10164.6351,34930.5858,3762.3255,62,62274.2799;82.39;0;0
17/06 12:00 UTC,0,5534.9154,957.5352,3271.4821,1033.7222,2453.8846000000003,10541.096800000001,33591.4241,3778.2598,62,61224.32019999999;82.27;0;0
17/06 13:00 UTC,0,5920.7072,1037.4751,3233.7464,970.8888999999999,2580.2106,9951.4727,30732.7739,3803.92,62,58293.194800000005;80.65;0;0
17/06 14:00 UTC,0,7647.0282,1474.3005,3750.7924,983.8792000000001,2600.7298,9420.8422,25768.5278,3898.0156,62,55606.115699999995;74.9;0;0
17/06 15:00 UTC,0,9949.0583,2209.8253,4489.2889,1002.8081000000001,3258.7022,8390.3369,19490.0534,4064.7376,62,52916.810699999995;65.41;0;0
17/06 16:00 UTC,0,11267.5601,2846.7812,8203.8973,1031.9555,4680.4349,6833.181200000001,12559.1824,4289.2923,62,51774.2849;51.07000000000001;0;0
17/06 17:00 UTC,0,11553.1592,3284.2352,10599.4214,1048.5189,6072.5298999999995,4983.7871,6478.4044,4501.7568,62,48583.812900000004;38.83;0;0
17/06 18:00 UTC,0,11667.5597,3424.752,10987.8383,1071.7025999999998,7148.1702000000005,3932.6803,2177.4267,4545.914,0,44956.04379999999;30.45;0;0
17/06 19:00 UTC,0,11858.7521,3451.3597,11050.7106,1069.9213,7440.5307999999995,3186.4219000000003,213.3049,4511.9701,0,42782.9714;25.53;0;0
17/06 20:00 UTC,0,11709.8251,3238.3609,10802.1676,1033.6544,6979.552699999999,2672.6344,17.0922,4354.9012,0,40808.1885;24.77;0;0
17/06 21:00 UTC,0,11636.3999,2934.1364,10532.9551,1039.5126,5337.234100000001,2388.197,6.1022,4177.9609,0,38052.4982;24.759999999999998;0;0
17/06 22:00 UTC,0,11639.0585,2671.449,10294.5216,1171.9561,4119.1536,2455.344,4.3108,4010.0128,62,36427.8064;25.39;0;0
17/06 23:00 UTC,0,11641.3416,2672.1023,9983.5443,1154.4590999999998,3413.6844,2406.9196,4.5416,3954.3006,62,35292.8935;25.52;0;0
