timestamp,produktionsmix_g_kwh,verbrauchsmix_g_kwh,erzeugung_MWh,import_MWh,export_MWh,netto_MWh
2024-06-10T00:00:00.000Z,401.6,309.7,33264,10986,2698,8288
2024-06-10T01:00:00.000Z,412.3,319.6,32570,10470,2346,8124
2024-06-10T02:00:00.000Z,440.8,339.8,33777,10871,2614,8257
2024-06-10T03:00:00.000Z,457.7,359.0,35112,10543,2345,8198
2024-06-10T04:00:00.000Z,453.2,372.3,41316,9974,2241,7734
2024-06-10T05:00:00.000Z,426.6,369.9,48125,8257,2425,5832
2024-06-10T06:00:00.000Z,384.8,344.8,54103,6926,3419,3507
2024-06-10T07:00:00.000Z,328.8,303.0,58287,5426,4891,536
2024-06-10T08:00:00.000Z,285.3,263.3,60523,5547,5730,-183
2024-06-10T09:00:00.000Z,249.5,229.2,60696,6272,5135,1137
2024-06-10T10:00:00.000Z,224.4,205.8,58852,6503,5291,1211
2024-06-10T11:00:00.000Z,229.4,209.3,59011,7036,4833,2203
2024-06-10T12:00:00.000Z,228.9,212.0,57343,7840,4430,3410
2024-06-10T13:00:00.000Z,239.3,230.5,54603,9419,4874,4545
2024-06-10T14:00:00.000Z,262.8,257.6,52036,11418,4741,6676
2024-06-10T15:00:00.000Z,302.4,275.5,50692,11278,4055,7222
2024-06-10T16:00:00.000Z,332.6,309.5,50706,9433,4199,5234
2024-06-10T17:00:00.000Z,353.7,322.6,49645,9700,3687,6014
2024-06-10T18:00:00.000Z,372.0,335.5,49156,8546,3191,5355
2024-06-10T19:00:00.000Z,368.2,330.8,48294,6457,2896,3561
2024-06-10T20:00:00.000Z,363.2,324.8,47061,6424,3889,2534
2024-06-10T21:00:00.000Z,340.9,313.6,46057,5287,4522,766
2024-06-10T22:00:00.000Z,296.9,276.3,43986,4893,3686,1207
2024-06-10T23:00:00.000Z,287.6,267.9,43720,5162,3834,1328
2024-06-11T00:00:00.000Z,282.8,265.3,44631,5164,4677,487
2024-06-11T01:00:00.000Z,281.0,259.9,44446,5760,5180,580
2024-06-11T02:00:00.000Z,277.6,259.4,44381,5343,4909,434
2024-06-11T03:00:00.000Z,281.6,257.6,44637,6005,4159,1846
2024-06-11T04:00:00.000Z,274.6,252.2,48826,6404,3632,2772
2024-06-11T05:00:00.000Z,274.5,255.6,54813,5927,3552,2375
2024-06-11T06:00:00.000Z,244.9,227.6,57621,5593,3059,2534
2024-06-11T07:00:00.000Z,224.1,216.1,60489,4831,4265,566
2024-06-11T08:00:00.000Z,213.2,226.1,64698,4063,6305,-2242
2024-06-11T09:00:00.000Z,185.2,214.9,66878,3698,7162,-3464
2024-06-11T10:00:00.000Z,167.8,190.4,67379,3477,7108,-3631
2024-06-11T11:00:00.000Z,166.2,185.4,68193,3420,8416,-4996
2024-06-11T12:00:00.000Z,168.1,187.8,67755,3249,8908,-5659
2024-06-11T13:00:00.000Z,171.7,189.2,65842,3231,8194,-4963
2024-06-11T14:00:00.000Z,189.1,199.4,62260,3657,6536,-2879
2024-06-11T15:00:00.000Z,220.1,209.5,58717,4065,4610,-545
2024-06-11T16:00:00.000Z,275.3,252.4,55443,6170,4722,1449
2024-06-11T17:00:00.000Z,335.0,302.9,51152,7944,3099,4845
2024-06-11T18:00:00.000Z,373.3,332.2,48016,8482,2339,6143
2024-06-11T19:00:00.000Z,388.1,335.4,45722,8557,1852,6705
2024-06-11T20:00:00.000Z,399.2,339.9,43061,8812,2460,6352
2024-06-11T21:00:00.000Z,403.5,335.3,40464,9387,2946,6441
2024-06-11T22:00:00.000Z,393.0,323.0,38438,9317,3826,5491
2024-06-11T23:00:00.000Z,390.7,316.1,36562,9947,2944,7003
2024-06-12T00:00:00.000Z,387.8,313.6,36214,10142,2864,7278
2024-06-12T01:00:00.000Z,395.3,315.9,35365,10767,2302,8464
2024-06-12T02:00:00.000Z,399.2,318.8,35903,10866,2459,8407
2024-06-12T03:00:00.000Z,407.8,339.6,36734,8995,1302,7693
2024-06-12T04:00:00.000Z,410.9,348.4,41863,9873,953,8920
2024-06-12T05:00:00.000Z,379.1,333.6,48559,8733,872,7862
2024-06-12T06:00:00.000Z,308.0,282.5,53624,6924,1435,5489
2024-06-12T07:00:00.000Z,235.8,221.4,57800,5478,2795,2683
2024-06-12T08:00:00.000Z,213.4,201.9,61028,5291,4443,848
2024-06-12T09:00:00.000Z,202.4,201.6,63176,4260,5295,-1035
2024-06-12T10:00:00.000Z,196.1,198.3,63845,4160,6348,-2188
2024-06-12T11:00:00.000Z,197.0,195.8,63468,3883,6387,-2504
2024-06-12T12:00:00.000Z,195.4,193.2,64214,3115,7172,-4058
2024-06-12T13:00:00.000Z,204.4,206.5,61586,4434,6646,-2212
2024-06-12T14:00:00.000Z,219.0,212.5,57722,5473,4256,1218
2024-06-12T15:00:00.000Z,280.9,255.5,54091,6726,3810,2916
2024-06-12T16:00:00.000Z,368.0,328.1,52488,7547,3796,3750
2024-06-12T17:00:00.000Z,427.5,376.9,50215,7981,3066,4915
2024-06-12T18:00:00.000Z,474.6,401.2,46270,9800,2718,7082
2024-06-12T19:00:00.000Z,508.8,426.8,43630,9570,2899,6670
2024-06-12T20:00:00.000Z,517.2,440.5,43601,8463,3880,4583
2024-06-12T21:00:00.000Z,526.7,431.6,39814,9957,3804,6153
2024-06-12T22:00:00.000Z,537.0,437.4,37758,9302,3894,5408
2024-06-12T23:00:00.000Z,539.5,437.2,36338,9118,4019,5100
2024-06-13T00:00:00.000Z,548.5,437.9,34804,9840,2331,7509
2024-06-13T01:00:00.000Z,542.2,437.9,35069,9538,2344,7194
2024-06-13T02:00:00.000Z,542.9,441.2,35216,9641,1631,8010
2024-06-13T03:00:00.000Z,541.7,450.1,37350,9189,831,8358
2024-06-13T04:00:00.000Z,508.7,431.3,41992,10694,415,10279
2024-06-13T05:00:00.000Z,468.8,411.1,47198,10019,451,9568
2024-06-13T06:00:00.000Z,408.0,362.2,52151,8272,874,7398
2024-06-13T07:00:00.000Z,318.2,294.9,52581,8770,897,7873
2024-06-13T08:00:00.000Z,247.8,254.7,54910,10028,2529,7499
2024-06-13T09:00:00.000Z,226.5,241.7,57745,9335,3253,6082
2024-06-13T10:00:00.000Z,218.8,228.4,58846,8983,3836,5147
2024-06-13T11:00:00.000Z,216.0,220.8,59179,8185,4616,3569
2024-06-13T12:00:00.000Z,219.1,222.5,57927,7441,4349,3092
2024-06-13T13:00:00.000Z,231.7,224.8,54930,8318,3635,4684
2024-06-13T14:00:00.000Z,263.2,241.1,50983,9176,2716,6460
2024-06-13T15:00:00.000Z,347.2,304.7,48972,8599,1573,7026
2024-06-13T16:00:00.000Z,442.8,382.5,48228,9338,1061,8278
2024-06-13T17:00:00.000Z,515.3,443.8,43885,12160,457,11703
2024-06-13T18:00:00.000Z,560.2,471.7,41878,12512,710,11802
2024-06-13T19:00:00.000Z,571.3,477.4,41165,11492,813,10679
2024-06-13T20:00:00.000Z,560.6,460.8,39864,11265,1752,9513
2024-06-13T21:00:00.000Z,530.5,432.0,37322,11931,2557,9374
2024-06-13T22:00:00.000Z,481.3,393.9,35938,9771,2893,6879
2024-06-13T23:00:00.000Z,415.6,340.3,33082,9778,1591,8187
2024-06-14T00:00:00.000Z,385.7,312.0,33212,10206,2363,7843
2024-06-14T01:00:00.000Z,367.4,303.0,34102,10629,2741,7888
2024-06-14T02:00:00.000Z,368.6,310.7,34760,10064,2806,7258
2024-06-14T03:00:00.000Z,376.3,321.8,37109,9846,3378,6468
2024-06-14T04:00:00.000Z,373.8,320.8,41593,11345,2835,8511
2024-06-14T05:00:00.000Z,370.5,315.7,44811,11961,1699,10263
2024-06-14T06:00:00.000Z,360.4,315.1,47605,10491,286,10205
2024-06-14T07:00:00.000Z,336.1,297.6,49078,10214,301,9913
2024-06-14T08:00:00.000Z,295.7,266.4,50762,9471,432,9040
2024-06-14T09:00:00.000Z,239.6,214.4,52736,9834,460,9374
2024-06-14T10:00:00.000Z,203.8,188.5,56075,8063,1310,6753
2024-06-14T11:00:00.000Z,198.1,185.6,57352,6654,1495,5159
2024-06-14T12:00:00.000Z,210.2,197.6,57173,5658,3272,2386
2024-06-14T13:00:00.000Z,227.0,213.4,54743,7406,3695,3711
2024-06-14T14:00:00.000Z,249.6,232.5,51622,9893,3839,6054
2024-06-14T15:00:00.000Z,293.7,260.0,49257,8977,2836,6141
2024-06-14T16:00:00.000Z,337.3,294.3,48039,9591,3012,6578
2024-06-14T17:00:00.000Z,369.3,314.5,44625,10237,2654,7583
2024-06-14T18:00:00.000Z,414.7,338.6,41824,11842,2405,9438
2024-06-14T19:00:00.000Z,418.3,343.6,40852,10662,3195,7467
2024-06-14T20:00:00.000Z,397.8,331.1,40675,9838,3967,5871
2024-06-14T21:00:00.000Z,352.0,300.6,38648,8065,3247,4818
2024-06-14T22:00:00.000Z,300.2,248.3,36375,8927,3767,5160
2024-06-14T23:00:00.000Z,253.7,209.7,34580,8455,3087,5369
2024-06-15T00:00:00.000Z,240.5,206.4,34581,6922,3008,3914
2024-06-15T01:00:00.000Z,224.4,194.3,35123,6545,3275,3270
2024-06-15T02:00:00.000Z,219.4,194.8,36472,5425,3092,2333
2024-06-15T03:00:00.000Z,206.1,187.2,38470,4559,4036,523
2024-06-15T04:00:00.000Z,187.9,173.3,42576,4328,5366,-1038
2024-06-15T05:00:00.000Z,169.9,164.7,46552,4821,6391,-1570
2024-06-15T06:00:00.000Z,157.7,165.8,50644,5292,6465,-1173
2024-06-15T07:00:00.000Z,155.0,163.5,55346,3118,6797,-3679
2024-06-15T08:00:00.000Z,146.6,169.0,57266,3543,6413,-2869
2024-06-15T09:00:00.000Z,140.7,172.1,60918,2287,7191,-4905
2024-06-15T10:00:00.000Z,139.4,174.3,61949,2064,8153,-6089
2024-06-15T11:00:00.000Z,144.3,166.6,59534,1719,7555,-5836
2024-06-15T12:00:00.000Z,147.0,158.7,58437,1454,8572,-7118
2024-06-15T13:00:00.000Z,142.8,161.4,59479,1644,11084,-9440
2024-06-15T14:00:00.000Z,140.9,160.5,59313,2442,11600,-9158
2024-06-15T15:00:00.000Z,149.0,168.1,56612,3397,10406,-7009
2024-06-15T16:00:00.000Z,166.5,163.2,50816,5351,7582,-2230
2024-06-15T17:00:00.000Z,204.4,187.1,44842,6628,4408,2220
2024-06-15T18:00:00.000Z,262.0,230.7,41240,8420,3975,4445
2024-06-15T19:00:00.000Z,293.5,252.8,38962,8650,3626,5025
2024-06-15T20:00:00.000Z,295.6,253.7,38822,7635,3369,4265
2024-06-15T21:00:00.000Z,268.2,236.4,37074,7197,3017,4180
2024-06-15T22:00:00.000Z,256.7,235.1,36120,6501,3884,2616
2024-06-15T23:00:00.000Z,243.3,223.4,34560,6376,3615,2761
2024-06-16T00:00:00.000Z,233.0,217.7,33754,6078,3552,2526
2024-06-16T01:00:00.000Z,234.4,216.1,33318,6590,3816,2773
2024-06-16T02:00:00.000Z,238.8,213.3,32812,7012,3270,3741
2024-06-16T03:00:00.000Z,234.9,214.7,33123,6525,3291,3234
2024-06-16T04:00:00.000Z,221.1,203.7,34743,6306,3183,3123
2024-06-16T05:00:00.000Z,202.3,198.2,38942,5334,3939,1395
2024-06-16T06:00:00.000Z,189.1,198.7,44003,4974,5561,-586
2024-06-16T07:00:00.000Z,171.5,188.8,50399,4215,7148,-2933
2024-06-16T08:00:00.000Z,159.7,168.9,55685,2516,8121,-5605
2024-06-16T09:00:00.000Z,150.9,148.8,59538,893,9000,-8107
2024-06-16T10:00:00.000Z,148.8,147.5,60779,593,10420,-9827
2024-06-16T11:00:00.000Z,151.0,149.6,59482,596,9804,-9207
2024-06-16T12:00:00.000Z,155.6,153.8,57030,1274,8450,-7176
2024-06-16T13:00:00.000Z,163.1,174.4,53644,3295,8302,-5006
2024-06-16T14:00:00.000Z,175.6,198.2,49812,5746,7381,-1634
2024-06-16T15:00:00.000Z,194.7,215.9,45963,7190,5231,1959
2024-06-16T16:00:00.000Z,241.7,239.7,41620,8905,3390,5515
2024-06-16T17:00:00.000Z,349.9,297.1,38091,9939,2578,7360
2024-06-16T18:00:00.000Z,414.9,333.4,36615,10915,2499,8416
2024-06-16T19:00:00.000Z,453.4,364.1,35259,10560,2497,8062
2024-06-16T20:00:00.000Z,458.4,368.6,35287,10752,2961,7791
2024-06-16T21:00:00.000Z,475.2,377.2,33736,10537,3205,7333
2024-06-16T22:00:00.000Z,488.0,379.2,31373,11642,3734,7908
2024-06-16T23:00:00.000Z,496.1,380.0,30640,11311,3353,7958