timestamp,marginaler_traeger,marginal_ohne_speicher,mef_g_kwh,aef_stunde_g_kwh,deckungsgrad
2024-06-10T01:00:00.000Z,Erdgas,Erdgas,492,412.3,1.35
2024-06-10T02:00:00.000Z,Erdgas,Erdgas,492,440.8,0.54
2024-06-10T03:00:00.000Z,Erdgas,Erdgas,492,458.1,0.32
2024-06-10T04:00:00.000Z,Pumpspeicher,Erdgas,751,457.5,0.47
2024-06-10T05:00:00.000Z,Pumpspeicher,Erdgas,751,433.6,0.70
2024-06-10T06:00:00.000Z,Pumpspeicher,Erdgas,751,389.6,1.14
2024-06-10T07:00:00.000Z,Pumpspeicher,Erdgas,751,330.6,0.55
2024-06-10T08:00:00.000Z,Erdgas,Erdgas,492,286.5,0.53
2024-06-10T09:00:00.000Z,Erdgas,Erdgas,492,250.1,0.52
2024-06-10T10:00:00.000Z,Braunkohle,Braunkohle,1097,224.7,0.36
2024-06-10T11:00:00.000Z,Erdgas,Erdgas,492,229.6,3.68
2024-06-10T12:00:00.000Z,Braunkohle,Braunkohle,1097,229.1,1.97
2024-06-10T13:00:00.000Z,Steinkohle,Steinkohle,968,239.6,0.74
2024-06-10T14:00:00.000Z,Braunkohle,Braunkohle,1097,263.0,0.57
2024-06-10T15:00:00.000Z,Braunkohle,Braunkohle,1097,303.0,0.38
2024-06-10T16:00:00.000Z,Pumpspeicher,Erdgas,751,334.9,0.39
2024-06-10T17:00:00.000Z,Pumpspeicher,Erdgas,751,358.2,0.63
2024-06-10T18:00:00.000Z,Pumpspeicher,Erdgas,751,377.2,0.40
2024-06-10T19:00:00.000Z,Pumpspeicher,Braunkohle,751,372.0,0.78
2024-06-10T20:00:00.000Z,Pumpspeicher,Erdgas,751,365.2,0.71
2024-06-10T21:00:00.000Z,Pumpspeicher,Braunkohle,751,341.4,0.43
2024-06-10T22:00:00.000Z,Braunkohle,Braunkohle,1097,297.0,0.39
2024-06-10T23:00:00.000Z,Erdgas,Erdgas,492,287.7,0.64
2024-06-11T00:00:00.000Z,Pumpspeicher,Braunkohle,751,282.9,0.38
2024-06-11T01:00:00.000Z,Pumpspeicher,Erdgas,751,281.0,0.35
2024-06-11T02:00:00.000Z,Erdgas,Erdgas,492,277.8,1.34
2024-06-11T03:00:00.000Z,Braunkohle,Braunkohle,1097,282.2,0.43
2024-06-11T04:00:00.000Z,Pumpspeicher,Erdgas,751,277.3,0.67
2024-06-11T05:00:00.000Z,Braunkohle,Braunkohle,1097,277.7,0.49
2024-06-11T06:00:00.000Z,Pumpspeicher,Steinkohle,751,246.5,0.57
2024-06-11T07:00:00.000Z,Pumpspeicher,Steinkohle,751,224.7,0.50
2024-06-11T08:00:00.000Z,Erdgas,Erdgas,492,213.8,1.41
2024-06-11T09:00:00.000Z,Braunkohle,Braunkohle,1097,185.4,0.44
2024-06-11T10:00:00.000Z,Braunkohle,Braunkohle,1097,167.9,0.38
2024-06-11T11:00:00.000Z,Steinkohle,Steinkohle,968,166.2,0.97
2024-06-11T12:00:00.000Z,Erdgas,Erdgas,492,168.2,0.89
2024-06-11T13:00:00.000Z,Braunkohle,Braunkohle,1097,171.7,5.01
2024-06-11T14:00:00.000Z,Braunkohle,Braunkohle,1097,189.2,0.64
2024-06-11T15:00:00.000Z,Braunkohle,Braunkohle,1097,220.5,0.55
2024-06-11T16:00:00.000Z,Braunkohle,Braunkohle,1097,276.5,0.35
2024-06-11T17:00:00.000Z,Erdgas,Erdgas,492,338.0,0.40
2024-06-11T18:00:00.000Z,Pumpspeicher,Erdgas,751,379.4,0.71
2024-06-11T19:00:00.000Z,Sonstige Konventionelle,Sonstige Konventionelle,1384,394.9,0.80
2024-06-11T20:00:00.000Z,Pumpspeicher,Erdgas,751,403.6,0.90
2024-06-11T21:00:00.000Z,Pumpspeicher,Erdgas,751,404.6,0.70
2024-06-11T22:00:00.000Z,Erdgas,Erdgas,492,393.4,0.32
2024-06-11T23:00:00.000Z,Erdgas,Erdgas,492,390.9,0.38
2024-06-12T00:00:00.000Z,Erdgas,Erdgas,492,387.9,0.49
2024-06-12T01:00:00.000Z,Pumpspeicher,Sonstige Konventionelle,751,395.3,0.88
2024-06-12T02:00:00.000Z,Braunkohle,Braunkohle,1097,399.2,0.49
2024-06-12T03:00:00.000Z,Erdgas,Erdgas,492,408.1,0.36
2024-06-12T04:00:00.000Z,Pumpspeicher,Braunkohle,751,413.7,0.45
2024-06-12T05:00:00.000Z,Pumpspeicher,Braunkohle,751,383.4,0.65
2024-06-12T06:00:00.000Z,Pumpspeicher,Braunkohle,751,310.3,0.36
2024-06-12T07:00:00.000Z,Braunkohle,Braunkohle,1097,236.7,0.46
2024-06-12T08:00:00.000Z,Braunkohle,Braunkohle,1097,213.9,0.64
2024-06-12T09:00:00.000Z,Braunkohle,Braunkohle,1097,202.8,0.53
2024-06-12T10:00:00.000Z,Sonstige Konventionelle,Sonstige Konventionelle,1384,196.5,0.30
2024-06-12T11:00:00.000Z,Erdgas,Erdgas,492,197.3,0.57
2024-06-12T12:00:00.000Z,Pumpspeicher,Erdgas,751,195.6,2.13
2024-06-12T13:00:00.000Z,Braunkohle,Braunkohle,1097,204.5,0.88
2024-06-12T14:00:00.000Z,Braunkohle,Braunkohle,1097,219.3,0.36
2024-06-12T15:00:00.000Z,Braunkohle,Braunkohle,1097,281.5,0.60
2024-06-12T16:00:00.000Z,Braunkohle,Braunkohle,1097,368.9,0.49
2024-06-12T17:00:00.000Z,Erdgas,Erdgas,492,430.5,0.43
2024-06-12T18:00:00.000Z,Erdgas,Erdgas,492,478.7,0.38
2024-06-12T19:00:00.000Z,Braunkohle,Braunkohle,1097,512.4,4.85
2024-06-12T20:00:00.000Z,Pumpspeicher,Erdgas,751,522.4,1.03
2024-06-12T21:00:00.000Z,Pumpspeicher,Erdgas,751,529.7,0.44
2024-06-12T22:00:00.000Z,Erdgas,Erdgas,492,538.9,0.55
2024-06-12T23:00:00.000Z,Erdgas,Erdgas,492,540.8,0.51
2024-06-13T00:00:00.000Z,Pumpspeicher,Steinkohle,751,548.6,0.49
2024-06-13T01:00:00.000Z,Braunkohle,Braunkohle,1097,542.3,0.83
2024-06-13T02:00:00.000Z,Sonstige Konventionelle,Sonstige Konventionelle,1384,543.1,0.77
2024-06-13T03:00:00.000Z,Erdgas,Erdgas,492,543.2,0.37
2024-06-13T04:00:00.000Z,Pumpspeicher,Erdgas,751,512.7,0.61
2024-06-13T05:00:00.000Z,Pumpspeicher,Erdgas,751,474.2,0.73
2024-06-13T06:00:00.000Z,Pumpspeicher,Erdgas,751,411.4,0.46
2024-06-13T07:00:00.000Z,Erdgas,Erdgas,492,318.9,0.37
2024-06-13T08:00:00.000Z,Braunkohle,Braunkohle,1097,248.0,0.54
2024-06-13T09:00:00.000Z,Braunkohle,Braunkohle,1097,226.7,0.50
2024-06-13T10:00:00.000Z,Erdgas,Erdgas,492,219.0,0.64
2024-06-13T11:00:00.000Z,Erdgas,Erdgas,492,216.1,0.64
2024-06-13T12:00:00.000Z,Erdgas,Erdgas,492,219.3,0.50
2024-06-13T13:00:00.000Z,Braunkohle,Braunkohle,1097,231.9,0.55
2024-06-13T14:00:00.000Z,Braunkohle,Braunkohle,1097,263.3,0.65
2024-06-13T15:00:00.000Z,Braunkohle,Braunkohle,1097,347.7,0.54
2024-06-13T16:00:00.000Z,Erdgas,Erdgas,492,445.4,0.40
2024-06-13T17:00:00.000Z,Erdgas,Erdgas,492,519.9,0.48
2024-06-13T18:00:00.000Z,Pumpspeicher,Erdgas,751,567.6,0.64
2024-06-13T19:00:00.000Z,Erdgas,Erdgas,492,578.8,0.83
2024-06-13T20:00:00.000Z,Pumpspeicher,Erdgas,751,565.9,0.48
2024-06-13T21:00:00.000Z,Pumpspeicher,Erdgas,751,532.3,0.42
2024-06-13T22:00:00.000Z,Erdgas,Erdgas,492,482.5,0.46
2024-06-13T23:00:00.000Z,Braunkohle,Braunkohle,1097,416.0,0.44
2024-06-14T00:00:00.000Z,Erdgas,Erdgas,492,385.9,0.37
2024-06-14T01:00:00.000Z,Braunkohle,Braunkohle,1097,367.4,0.82
2024-06-14T02:00:00.000Z,Braunkohle,Braunkohle,1097,368.7,0.95
2024-06-14T03:00:00.000Z,Braunkohle,Braunkohle,1097,376.7,0.46
2024-06-14T04:00:00.000Z,Pumpspeicher,Braunkohle,751,376.0,0.39
2024-06-14T05:00:00.000Z,Pumpspeicher,Erdgas,751,374.7,0.67
2024-06-14T06:00:00.000Z,Pumpspeicher,Braunkohle,751,365.4,0.79
2024-06-14T07:00:00.000Z,Pumpspeicher,Braunkohle,751,339.3,0.61
2024-06-14T08:00:00.000Z,Pumpspeicher,Braunkohle,751,297.2,0.41
2024-06-14T09:00:00.000Z,Braunkohle,Braunkohle,1097,239.8,0.52
2024-06-14T10:00:00.000Z,Braunkohle,Braunkohle,1097,204.0,0.76
2024-06-14T11:00:00.000Z,Pumpspeicher,Steinkohle,751,198.3,4.32
2024-06-14T12:00:00.000Z,Braunkohle,Braunkohle,1097,210.6,0.61
2024-06-14T13:00:00.000Z,Braunkohle,Braunkohle,1097,227.3,1.82
2024-06-14T14:00:00.000Z,Braunkohle,Braunkohle,1097,249.8,1.03
2024-06-14T15:00:00.000Z,Braunkohle,Braunkohle,1097,294.9,0.47
2024-06-14T16:00:00.000Z,Pumpspeicher,Erdgas,751,341.5,0.50
2024-06-14T17:00:00.000Z,Pumpspeicher,Erdgas,751,376.3,0.75
2024-06-14T18:00:00.000Z,Pumpspeicher,Braunkohle,751,423.2,0.42
2024-06-14T19:00:00.000Z,Pumpspeicher,Erdgas,751,426.1,0.69
2024-06-14T20:00:00.000Z,Pumpspeicher,Erdgas,751,404.1,0.51
2024-06-14T21:00:00.000Z,Pumpspeicher,Braunkohle,751,355.5,0.42
2024-06-14T22:00:00.000Z,Pumpspeicher,Braunkohle,751,301.3,0.35
2024-06-14T23:00:00.000Z,Braunkohle,Braunkohle,1097,254.7,0.79
2024-06-15T00:00:00.000Z,Braunkohle,Braunkohle,1097,241.3,0.77
2024-06-15T01:00:00.000Z,Pumpspeicher,Braunkohle,751,224.6,0.51
2024-06-15T02:00:00.000Z,Pumpspeicher,Braunkohle,751,219.9,0.76
2024-06-15T03:00:00.000Z,Pumpspeicher,Sonstige Konventionelle,751,206.5,0.61
2024-06-15T04:00:00.000Z,Pumpspeicher,Braunkohle,751,188.0,0.66
2024-06-15T05:00:00.000Z,Erdgas,Erdgas,492,170.2,1.27
2024-06-15T06:00:00.000Z,Erdgas,Erdgas,492,158.0,0.93
2024-06-15T07:00:00.000Z,Pumpspeicher,Sonstige Konventionelle,751,156.4,1.14
2024-06-15T08:00:00.000Z,Pumpspeicher,Biomasse,751,146.9,0.81
2024-06-15T09:00:00.000Z,Pumpspeicher,Biomasse,751,140.7,0.86
2024-06-15T10:00:00.000Z,Erdgas,Erdgas,492,139.5,0.42
2024-06-15T11:00:00.000Z,Erdgas,Erdgas,492,144.4,0.33
2024-06-15T12:00:00.000Z,Steinkohle,Steinkohle,968,147.1,0.22
2024-06-15T13:00:00.000Z,Sonstige Konventionelle,Sonstige Konventionelle,1384,143.0,0.52
2024-06-15T14:00:00.000Z,Biomasse,Biomasse,53,141.1,0.27
2024-06-15T15:00:00.000Z,Pumpspeicher,Biomasse,751,149.6,0.38
2024-06-15T16:00:00.000Z,Erdgas,Erdgas,492,167.3,0.25
2024-06-15T17:00:00.000Z,Pumpspeicher,Erdgas,751,207.4,0.59
2024-06-15T18:00:00.000Z,Pumpspeicher,Erdgas,751,270.0,0.70
2024-06-15T19:00:00.000Z,Pumpspeicher,Erdgas,751,302.8,0.47
2024-06-15T20:00:00.000Z,Pumpspeicher,Biomasse,751,303.8,1.18
2024-06-15T21:00:00.000Z,Pumpspeicher,Braunkohle,751,273.6,0.63
2024-06-15T22:00:00.000Z,Pumpspeicher,Erdgas,751,260.9,0.50
2024-06-15T23:00:00.000Z,Pumpspeicher,Erdgas,751,245.6,0.61
2024-06-16T00:00:00.000Z,Pumpspeicher,Steinkohle,751,234.7,0.38
2024-06-16T01:00:00.000Z,Pumpspeicher,Biomasse,751,235.3,1.14
2024-06-16T02:00:00.000Z,Pumpspeicher,,751,239.1,1.81
2024-06-16T03:00:00.000Z,Sonstige Konventionelle,Sonstige Konventionelle,1384,235.2,7.07
2024-06-16T04:00:00.000Z,Sonstige Konventionelle,Sonstige Konventionelle,1384,221.3,0.69
2024-06-16T05:00:00.000Z,Erdgas,Erdgas,492,202.5,1.38
2024-06-16T06:00:00.000Z,Pumpspeicher,Sonstige Konventionelle,751,189.7,1.38
2024-06-16T07:00:00.000Z,Pumpspeicher,Biomasse,751,171.8,0.79
2024-06-16T08:00:00.000Z,Biomasse,Biomasse,53,160.0,0.52
2024-06-16T09:00:00.000Z,Pumpspeicher,Braunkohle,751,151.0,0.46
2024-06-16T10:00:00.000Z,Biomasse,Biomasse,53,148.9,0.68
2024-06-16T11:00:00.000Z,Sonstige Konventionelle,Sonstige Konventionelle,1384,151.0,0.22
2024-06-16T12:00:00.000Z,Pumpspeicher,Steinkohle,751,155.8,1.11
2024-06-16T13:00:00.000Z,Erdgas,Erdgas,492,163.2,0.65
2024-06-16T14:00:00.000Z,Steinkohle,Steinkohle,968,175.7,0.24
2024-06-16T15:00:00.000Z,Pumpspeicher,Steinkohle,751,195.3,0.34
2024-06-16T16:00:00.000Z,Braunkohle,Braunkohle,1097,242.6,0.53
2024-06-16T17:00:00.000Z,Braunkohle,Braunkohle,1097,353.4,0.47
2024-06-16T18:00:00.000Z,Pumpspeicher,Braunkohle,751,422.2,0.54
2024-06-16T19:00:00.000Z,Pumpspeicher,Braunkohle,751,462.7,0.55
2024-06-16T20:00:00.000Z,Pumpspeicher,Braunkohle,751,468.7,0.88
2024-06-16T21:00:00.000Z,Pumpspeicher,Biomasse,751,482.0,1.00
2024-06-16T22:00:00.000Z,Pumpspeicher,Erdgas,751,491.0,0.80
2024-06-16T23:00:00.000Z,Pumpspeicher,Biomasse,751,497.7,1.06